student_id,student_name,birth_date,grade_level,school_name,barangay,math_score,english_score,science_score,attendance_rate
STU-300383,Brian Herrera,2016-07-25,Grade 7,Rizal Elementary School,Poblacion,100.0,92.0,64.0,0.86
STU-300775,Frank Crawford,2017-04-26,Grade 5,San Isidro Elementary School,Poblacion,100.0,99.0,91.0,0.95
STU-300791,Crystal Maxwell,2005-11-02,Grade 4,Mabini Integrated School,Bayanihan,66.0,90.0,77.0,1.0
STU-300131,Christina Decker,2007-05-05,Grade 6,Poblacion National High School,Del Pilar,72.0,100.0,72.0,0.95
STU-300464,Steven Hunter,2017-10-06,Grade 4,Poblacion National High School,Maligaya,100.0,96.0,89.0,0.94
STU-300588,Christina Rivers,2006-01-26,Grade 1,Rizal Elementary School,Del Pilar,68.0,92.0,66.0,0.96
STU-300953,Michelle Luna,2005-12-29,Grade 2,San Isidro Elementary School,Rizal,83.0,81.0,82.0,0.89
STU-300837,Lisa Cline,2008-01-29,Grade 1,San Isidro Elementary School,Magsaysay,,,,
STU-300456,Andrew Hernandez,2009-08-13,Grade 5,Rizal Elementary School,Del Pilar,90.0,87.0,72.0,1.0
STU-300024,Kevin Washington,2018-07-31,Grade 9,Poblacion National High School,Poblacion,88.0,81.0,79.0,0.95
STU-300003,Brianna Jones,2013-09-14,Grade 1,Mabini Integrated School,Magsaysay,100.0,82.0,74.0,0.92
STU-300421,Todd Bradford,2019-08-16,Grade 2,San Isidro Elementary School,Del Pilar,86.0,78.0,82.0,0.97
STU-300991,Robert Douglas,2014-11-19,Grade 1,Mabini Integrated School,Mabini,78.0,72.0,63.0,0.91
STU-300259,Madison Carlson,2017-10-16,Grade 6,Poblacion National High School,Maligaya,93.0,83.0,79.0,0.97
STU-300427,Daniel Nelson,2009-01-30,Grade 10,San Isidro Elementary School,Sta. Cruz,88.0,86.0,76.0,0.9
STU-300816,Kevin Alexander Jr.,2014-11-12,Grade 3,San Isidro Elementary School,Bayanihan,66.0,75.0,79.0,0.95
STU-300258,Jerry Long,2012-06-29,Grade 7,Rizal Elementary School,Sta. Cruz,76.0,83.0,87.0,0.93
STU-300433,Benjamin Hudson,2005-11-06,Grade 1,Rizal Elementary School,San Jose,86.0,64.0,84.0,0.85
STU-300271,Brenda Carter,2013-12-10,Grade 1,Mabini Integrated School,San Jose,68.0,75.0,74.0,1.0
STU-300236,Anthony Hampton,2016-06-16,Grade 3,Rizal Elementary School,Maligaya,76.0,79.0,100.0,0.94
STU-300946,Matthew Dunn,2006-07-27,Grade 6,Mabini Integrated School,Sta. Cruz,73.0,71.0,82.0,0.96
STU-300074,Christine Williams,2012-10-16,Grade 5,Mabini Integrated School,Bayanihan,64.0,72.0,82.0,0.95
STU-300086,Alicia Taylor,2018-02-05,Grade 3,Poblacion National High School,San Isidro,67.0,89.0,89.0,0.86
STU-300835,John King,2009-10-10,Grade 1,Mabini Integrated School,Poblacion,90.0,87.0,76.0,0.99
STU-300022,Monique Ryan,2005-10-27,Grade 8,Mabini Integrated School,San Miguel,65.0,59.0,60.0,0.87
STU-300718,Kimberly Jacobs,2006-02-23,Grade 8,Poblacion National High School,Bagong Silang,77.0,92.0,92.0,0.84
STU-300295,Nicholas Stafford,2018-01-30,Grade 8,Poblacion National High School,San Miguel,83.0,100.0,74.0,0.96
STU-300812,Patricia Taylor,2016-03-22,Grade 1,Poblacion National High School,Bagong Silang,94.0,76.0,82.0,0.99
STU-300152,Stephen Navarro,2014-01-25,Grade 9,San Isidro Elementary School,San Jose,72.0,93.0,84.0,0.92
STU-300536,Elizabeth Murray,2010-04-20,Grade 2,San Isidro Elementary School,Magsaysay,77.0,78.0,92.0,0.93
STU-300437,Jerry Keller,2012-07-17,Grade 6,Mabini Integrated School,San Jose,60.0,87.0,55.0,0.79
STU-300997,Barbara Thomas,2018-10-12,Grade 7,Rizal Elementary School,San Jose,78.0,57.0,81.0,0.89
STU-300776,Lori Lee,2009-03-07,Grade 3,Mabini Integrated School,Bagong Silang,69.0,67.0,78.0,0.92
STU-300308,Bobby Anderson,2011-10-20,Grade 8,Poblacion National High School,San Miguel,89.0,69.0,78.0,0.95
STU-300368,Sean Schmitt,2006-10-18,Grade 7,San Isidro Elementary School,Bayanihan,64.0,92.0,80.0,0.94
STU-300603,Kara Evans,2005-06-05,Grade 8,Poblacion National High School,Mabini,79.0,76.0,95.0,0.83
STU-300154,David Williams,2010-06-25,Grade 8,Poblacion National High School,Del Pilar,93.0,91.0,88.0,0.94
STU-300942,Carol Williams,2007-11-05,Grade 5,Mabini Integrated School,San Isidro,59.0,70.0,71.0,1.0
STU-300789,Adam Fisher,2012-07-22,Grade 4,Mabini Integrated School,Magsaysay,85.0,71.0,68.0,1.0
STU-300253,Zachary Meadows,2018-10-21,Grade 10,Poblacion National High School,Bagong Silang,89.0,75.0,90.0,0.97
STU-300572,Jesse Sanders,2006-09-21,Grade 7,Mabini Integrated School,San Isidro,69.0,87.0,79.0,0.98
STU-300996,Timothy Morrow,2020-09-09,Grade 3,Poblacion National High School,Sta. Cruz,83.0,98.0,76.0,0.86
STU-300494,Audrey Brown,2010-06-22,Grade 8,Poblacion National High School,San Jose,78.0,67.0,74.0,0.94
STU-300651,Daniel Hebert,2008-03-26,Grade 8,Rizal Elementary School,Mabini,61.0,81.0,80.0,0.85
STU-300466,Aaron Brown,2013-08-15,Grade 10,Mabini Integrated School,San Jose,54.0,82.0,75.0,0.9
STU-300050,Chelsea Murphy,2018-04-10,Grade 1,Poblacion National High School,Sta. Cruz,88.0,100.0,75.0,0.87
STU-300518,Ray Russell,2020-10-18,Grade 7,San Isidro Elementary School,Poblacion,68.0,90.0,78.0,0.84
STU-300366,Christopher Howard DVM,2007-10-04,Grade 9,San Isidro Elementary School,San Miguel,81.0,89.0,83.0,0.88
STU-300332,Amanda Contreras,2019-07-28,Grade 7,Poblacion National High School,Magsaysay,87.0,100.0,67.0,0.98
STU-300307,Eric Scott,2008-06-19,Grade 1,Rizal Elementary School,Magsaysay,89.0,71.0,85.0,0.93
STU-300831,Elizabeth Richards,2012-03-13,Grade 1,Poblacion National High School,San Isidro,76.0,69.0,72.0,0.92
STU-300707,Kelly Cooper,2014-08-08,Grade 3,San Isidro Elementary School,San Isidro,100.0,79.0,84.0,0.9
STU-300799,Ronnie Boyd,2012-02-22,Grade 5,San Isidro Elementary School,Bagong Silang,71.0,80.0,74.0,0.87
STU-300978,Thomas Mayo,2013-05-15,Grade 1,Poblacion National High School,Bagong Silang,88.0,83.0,81.0,0.88
STU-300386,Wesley Cummings,2020-04-23,Grade 10,San Isidro Elementary School,Del Pilar,82.0,70.0,94.0,0.83
STU-300138,Elizabeth Johnson,2009-10-22,Grade 10,Mabini Integrated School,Del Pilar,95.0,81.0,83.0,1.0
STU-300126,Christopher Macias,2020-04-13,Grade 2,Rizal Elementary School,Rizal,73.0,80.0,70.0,1.0
STU-300377,Brian Choi,2011-12-23,Grade 8,San Isidro Elementary School,Poblacion,84.0,60.0,68.0,0.96
STU-300910,Yesenia Silva,2015-03-16,Grade 8,Mabini Integrated School,Poblacion,67.0,81.0,89.0,0.96
STU-300825,James Brown,2007-08-05,Grade 3,San Isidro Elementary School,Poblacion,75.0,76.0,85.0,1.0
STU-300046,Julian Cohen,2011-12-02,Grade 4,Poblacion National High School,Del Pilar,84.0,90.0,79.0,0.95
STU-300441,David Norman,2008-01-19,Grade 8,San Isidro Elementary School,San Isidro,73.0,64.0,87.0,0.83
STU-300389,William Morrison,2015-09-03,Grade 9,Poblacion National High School,San Isidro,80.0,81.0,83.0,0.96
STU-300372,Heather Tran,2021-04-07,Grade 3,Poblacion National High School,Rizal,93.0,93.0,85.0,0.9
STU-300390,Jeffrey Smith,2015-01-24,Grade 5,Poblacion National High School,Mabini,100.0,94.0,92.0,0.94
STU-300109,Ashley Wallace,2019-12-26,Grade 10,San Isidro Elementary School,Rizal,100.0,79.0,71.0,0.87
STU-300539,Chris Wilkins,2013-02-25,Grade 9,San Isidro Elementary School,San Miguel,83.0,56.0,77.0,0.85
STU-300726,Dustin Harris,2009-06-29,Grade 5,Poblacion National High School,San Miguel,85.0,69.0,71.0,0.89
STU-300136,Danielle Hernandez,2018-02-07,Grade 4,Rizal Elementary School,San Isidro,,,,
STU-300940,William Ward,2010-11-21,Grade 7,Mabini Integrated School,Sta. Cruz,76.0,65.0,65.0,0.83
STU-300630,Kevin Garcia,2015-06-08,Grade 2,Rizal Elementary School,Rizal,57.0,92.0,83.0,0.92
STU-300129,Lori Sanders,2019-07-04,Grade 10,Rizal Elementary School,Bagong Silang,77.0,74.0,70.0,0.89
STU-300425,Cheryl Swanson,2009-04-28,Grade 6,San Isidro Elementary School,San Jose,82.0,89.0,70.0,0.94
STU-300416,Heather Lewis,2008-07-14,Grade 3,Rizal Elementary School,Mabini,79.0,82.0,81.0,0.82
STU-300369,Vincent Rodriguez,2008-07-04,Grade 1,San Isidro Elementary School,Bagong Silang,79.0,93.0,74.0,0.97
STU-300107,Barbara Hernandez,2009-01-13,Grade 9,Mabini Integrated School,Sta. Cruz,632.0,648.0,624.0,7.36
STU-300399,Megan Evans,2017-08-08,Grade 6,Rizal Elementary School,Mabini,79.0,83.0,62.0,0.88
STU-300904,April Campbell,2007-06-11,Grade 10,Poblacion National High School,Magsaysay,63.0,78.0,68.0,0.95
STU-300544,Ryan Thompson,2017-04-01,Grade 1,San Isidro Elementary School,San Miguel,78.0,75.0,75.0,0.93
STU-300100,Melissa West,2013-06-12,Grade 2,Mabini Integrated School,San Miguel,65.0,90.0,66.0,0.84
STU-300848,Matthew Ward,2018-01-26,Grade 6,Poblacion National High School,Magsaysay,73.0,83.0,93.0,0.86
STU-300941,Jesus Delacruz,2010-01-03,Grade 9,San Isidro Elementary School,San Jose,93.0,88.0,81.0,0.93
STU-300977,Lauren Sandoval,2007-02-08,Grade 1,San Isidro Elementary School,Mabini,91.0,80.0,97.0,0.92
STU-300219,Cole Williams,2021-04-14,Grade 7,San Isidro Elementary School,San Jose,70.0,89.0,96.0,0.89
STU-300113,Brandon Davis MD,2014-05-17,Grade 5,Mabini Integrated School,Del Pilar,74.0,93.0,81.0,0.92
STU-300623,Leah Rowland,2007-05-10,Grade 3,Mabini Integrated School,Poblacion,90.0,91.0,63.0,0.9
STU-300177,Corey Shaw,2014-06-09,Grade 10,Mabini Integrated School,Maligaya,65.0,67.0,79.0,0.95
STU-300294,David Morse,2014-09-23,Grade 1,Mabini Integrated School,Sta. Cruz,89.0,95.0,84.0,0.96
STU-300048,Kaitlyn Ross,2013-09-29,Grade 2,Mabini Integrated School,Sta. Cruz,77.0,90.0,86.0,0.94
STU-300275,Edward Clarke,2013-12-31,Grade 2,Poblacion National High School,Rizal,68.0,84.0,55.0,1.0
STU-300995,Jason Alvarez,2011-11-15,Grade 9,San Isidro Elementary School,Mabini,69.0,84.0,65.0,0.87
STU-300405,Melissa Bishop,2017-07-31,Grade 6,Poblacion National High School,Del Pilar,79.0,84.0,75.0,0.9
STU-300712,Dustin Adams,2016-04-07,Grade 4,Mabini Integrated School,Poblacion,66.0,60.0,42.0,0.91
STU-300844,Robert Robinson,2017-05-29,Grade 7,San Isidro Elementary School,Rizal,78.0,79.0,78.0,1.0
STU-300057,Laura Clark,2010-03-31,Grade 6,Poblacion National High School,Magsaysay,100.0,91.0,66.0,0.93
STU-300811,Molly Taylor,2020-11-07,Grade 6,Poblacion National High School,Rizal,,,,
STU-300674,Elizabeth Hanson,2011-09-18,Grade 1,Rizal Elementary School,Maligaya,632.0,648.0,624.0,7.36
STU-300498,David Ayala,2019-03-20,Grade 8,Mabini Integrated School,San Jose,73.0,64.0,89.0,1.0
STU-300920,Glenda Snyder DVM,2005-07-20,Grade 10,San Isidro Elementary School,Bagong Silang,79.0,83.0,83.0,0.9
STU-300343,Caitlin Ewing,2012-10-27,Grade 4,Poblacion National High School,Bagong Silang,79.0,69.0,88.0,0.96
STU-300885,Alexandra Lewis,2021-02-05,Grade 5,San Isidro Elementary School,Bayanihan,94.0,81.0,85.0,0.94
STU-300605,Michael Williams,2012-08-31,Grade 3,Rizal Elementary School,San Jose,92.0,82.0,73.0,0.85
STU-300927,Penny Middleton,2006-06-17,Grade 8,Poblacion National High School,San Jose,69.0,73.0,73.0,1.0
STU-300124,Jenny Garner,2019-10-31,Grade 2,San Isidro Elementary School,Del Pilar,75.0,87.0,55.0,1.0
STU-300858,Scott Merritt,2014-06-27,Grade 1,Mabini Integrated School,Bagong Silang,79.0,72.0,100.0,0.91
STU-300670,James Snyder,2016-06-09,Grade 9,Mabini Integrated School,Mabini,68.0,89.0,49.0,0.9
STU-300584,Ellen Becker,2012-05-08,Grade 10,San Isidro Elementary School,Maligaya,,,,
STU-300225,Karen Ford,2012-10-15,Grade 8,San Isidro Elementary School,San Jose,97.0,75.0,76.0,0.82
STU-300172,Stefanie York,2005-10-21,Grade 3,Mabini Integrated School,Mabini,80.0,82.0,79.0,0.88
STU-300267,Stephanie Proctor,2011-04-24,Grade 6,Rizal Elementary School,San Isidro,67.0,90.0,70.0,0.85
STU-300245,William Smith,2008-03-15,Grade 2,San Isidro Elementary School,Rizal,72.0,74.0,77.0,1.0
STU-300435,Julie Townsend,2015-07-12,Grade 3,Rizal Elementary School,Magsaysay,87.0,89.0,80.0,1.0
STU-300983,Christopher Hunt,2018-03-19,Grade 8,Rizal Elementary School,Rizal,84.0,72.0,80.0,0.88
STU-300373,Mark Jensen,2015-09-28,Grade 6,Rizal Elementary School,Magsaysay,88.0,93.0,68.0,1.0
STU-300084,Morgan Jones,2014-11-07,Grade 4,Rizal Elementary School,Rizal,78.0,74.0,82.0,0.86
STU-300917,Tiffany White,2013-08-27,Grade 2,Poblacion National High School,Bagong Silang,94.0,82.0,77.0,0.89
STU-300692,Courtney Molina,2009-05-09,Grade 10,Mabini Integrated School,Bagong Silang,79.0,92.0,97.0,0.94
STU-300699,Lauren Mitchell,2019-04-17,Grade 10,Mabini Integrated School,Mabini,97.0,92.0,76.0,0.88
STU-300348,Emily Mcclain,2016-05-31,Grade 8,Mabini Integrated School,Bagong Silang,83.0,77.0,68.0,0.97
STU-300930,April Bailey,2010-08-14,Grade 2,San Isidro Elementary School,San Jose,58.0,100.0,81.0,0.97
STU-300570,Kelsey Greene,2013-02-18,Grade 6,San Isidro Elementary School,Magsaysay,84.0,62.0,78.0,1.0
STU-300063,Katie Johnson MD,2020-10-09,Grade 8,Poblacion National High School,Magsaysay,79.0,81.0,78.0,0.89
STU-300171,Angela Tapia,2014-03-18,Grade 9,Rizal Elementary School,Rizal,92.0,78.0,100.0,0.87
STU-300455,Erik May,2007-02-10,Grade 9,Poblacion National High School,Mabini,92.0,93.0,77.0,0.94
STU-300769,Laura Williams,2018-12-24,Grade 1,Mabini Integrated School,Maligaya,64.0,51.0,91.0,0.9
STU-300607,Miss Becky Weaver,2015-08-30,Grade 2,Mabini Integrated School,San Jose,76.0,89.0,78.0,0.86
STU-300976,Shannon Smith,2015-10-08,Grade 6,San Isidro Elementary School,Poblacion,83.0,87.0,90.0,0.96
STU-300143,Joshua Watson,2012-10-30,Grade 1,Poblacion National High School,Bagong Silang,73.0,91.0,77.0,0.92
STU-300269,Wendy Miller,2013-07-05,Grade 1,San Isidro Elementary School,Mabini,82.0,65.0,64.0,0.9
STU-300723,Crystal Barron,2019-05-31,Grade 10,Poblacion National High School,Sta. Cruz,100.0,70.0,87.0,0.84
STU-300532,Daniel Simmons,2012-03-11,Grade 10,Rizal Elementary School,Del Pilar,92.0,59.0,92.0,0.99
STU-300833,Olivia Chase,2012-06-14,Grade 10,Mabini Integrated School,Bayanihan,71.0,63.0,68.0,0.89
STU-300230,David Ortiz,2020-08-25,Grade 10,Poblacion National High School,Magsaysay,75.0,82.0,100.0,0.85
STU-300519,Maria Turner,2017-01-24,Grade 4,Poblacion National High School,Poblacion,66.0,100.0,72.0,0.93
STU-300563,Jenna Pitts,2020-02-20,Grade 5,Rizal Elementary School,San Isidro,96.0,81.0,85.0,0.95
STU-300610,Robin Brown,2012-11-20,Grade 7,Poblacion National High School,Bagong Silang,78.0,74.0,86.0,0.92
STU-300863,Kristi Hopkins,2011-04-07,Grade 7,Rizal Elementary School,Rizal,88.0,90.0,95.0,0.92
STU-300064,Timothy Perez,2010-11-29,Grade 4,Poblacion National High School,Rizal,64.0,98.0,75.0,0.86
STU-300132,Latoya Castro,2011-09-20,Grade 9,Mabini Integrated School,Magsaysay,61.0,71.0,52.0,0.95
STU-300612,Tracy Jennings,2012-03-18,Grade 10,Poblacion National High School,San Miguel,86.0,78.0,85.0,0.89
STU-300317,Ronald Arellano,2017-10-01,Grade 6,Rizal Elementary School,San Jose,88.0,75.0,82.0,0.96
STU-300664,Jessica Martin DVM,2020-04-08,Grade 7,Poblacion National High School,Maligaya,93.0,89.0,81.0,0.91
STU-300081,Vanessa Brown,2017-11-21,Grade 10,Rizal Elementary School,San Isidro,56.0,74.0,74.0,0.78
STU-300961,Yvette Stafford,2007-02-25,Grade 8,Rizal Elementary School,Poblacion,91.0,83.0,62.0,0.85
STU-300214,James Kim,2006-05-11,Grade 7,Rizal Elementary School,San Isidro,100.0,63.0,75.0,0.99
STU-300115,Jeremy Cooper,2019-07-12,Grade 1,Rizal Elementary School,Mabini,68.0,74.0,65.0,0.93
STU-300411,Tammy Miller,2019-08-25,Grade 2,Mabini Integrated School,Mabini,,,,
STU-300476,Brittany Logan,2011-11-24,Grade 3,Mabini Integrated School,Maligaya,77.0,74.0,72.0,0.93
STU-300735,Curtis Wells,2015-10-13,Grade 5,Rizal Elementary School,Bayanihan,88.0,55.0,78.0,0.91
STU-300943,Rachel Thompson,2020-03-22,Grade 4,Rizal Elementary School,Magsaysay,86.0,81.0,91.0,1.0
STU-300812,Patricia Taylor,2016-03-22,Grade 1,Poblacion National High School,Bagong Silang,94.0,76.0,82.0,0.99
STU-300288,Ruth Taylor,2019-03-21,Grade 6,Mabini Integrated School,Maligaya,75.0,72.0,79.0,1.0
STU-300300,Mr. Brian Sanchez,2020-12-29,Grade 8,San Isidro Elementary School,San Jose,632.0,648.0,624.0,7.36
STU-300879,Nicholas Thomas,2020-03-12,Grade 5,San Isidro Elementary School,Sta. Cruz,59.0,79.0,70.0,0.89
STU-300628,Kendra Hall,2011-07-29,Grade 4,Poblacion National High School,Bayanihan,47.0,90.0,81.0,0.96
STU-300453,Denise Smith,2009-09-02,Grade 7,Mabini Integrated School,Magsaysay,70.0,100.0,81.0,0.9
STU-300167,Miss Jessica Lee DVM,2018-01-05,Grade 2,San Isidro Elementary School,San Jose,81.0,70.0,67.0,0.92
STU-300757,Nicholas Houston,2018-02-01,Grade 4,Mabini Integrated School,San Isidro,82.0,86.0,89.0,0.97
STU-300906,Tiffany Cantrell,2011-04-10,Grade 5,San Isidro Elementary School,Magsaysay,86.0,84.0,94.0,0.93
STU-300679,Melissa Henderson,2008-10-11,Grade 5,San Isidro Elementary School,San Isidro,87.0,90.0,74.0,1.0
STU-300006,Thomas Martinez,2020-02-20,Grade 3,Poblacion National High School,Poblacion,58.0,72.0,81.0,0.98
STU-300721,Taylor Daniels,2020-09-14,Grade 8,San Isidro Elementary School,Del Pilar,87.0,68.0,89.0,0.99
STU-300556,Donald Kramer,2008-09-17,Grade 4,Mabini Integrated School,Sta. Cruz,62.0,94.0,81.0,0.96
STU-300384,Lindsey Cabrera,2014-09-25,Grade 2,Rizal Elementary School,Magsaysay,75.0,75.0,86.0,0.85
STU-300900,Michelle West,2006-08-04,Grade 10,Mabini Integrated School,San Isidro,79.0,75.0,66.0,0.91
STU-300040,Theresa Bailey,2019-10-30,Grade 9,Mabini Integrated School,Poblacion,68.0,83.0,67.0,0.95
STU-300783,Victoria Sanchez,2017-07-23,Grade 6,Rizal Elementary School,Del Pilar,78.0,97.0,66.0,0.97
STU-300512,Michael Miller,2007-06-17,Grade 8,Mabini Integrated School,Rizal,66.0,82.0,56.0,0.98
STU-300662,Regina Williams,2018-08-03,Grade 1,Poblacion National High School,San Miguel,73.0,81.0,70.0,0.99
STU-300017,John Fletcher,2016-12-07,Grade 9,Mabini Integrated School,Magsaysay,94.0,73.0,76.0,0.88
STU-300396,Michael Cisneros,2019-05-27,Grade 8,San Isidro Elementary School,Magsaysay,65.0,76.0,86.0,0.91
STU-300720,Jamie Smith,2021-03-12,Grade 10,San Isidro Elementary School,Del Pilar,71.0,69.0,76.0,0.91
STU-300838,Brooke Sexton,2015-12-11,Grade 9,San Isidro Elementary School,San Miguel,74.0,75.0,86.0,0.93
STU-300502,Glenn Young,2018-05-11,Grade 8,Mabini Integrated School,Maligaya,100.0,76.0,89.0,1.0
STU-300683,Jennifer Carter,2018-01-07,Grade 6,San Isidro Elementary School,Bagong Silang,74.0,81.0,92.0,0.92
STU-300356,Savannah Gonzales,2021-01-24,Grade 10,San Isidro Elementary School,Bayanihan,86.0,77.0,78.0,0.85
STU-300802,Amber Rios,2016-10-04,Grade 6,San Isidro Elementary School,San Jose,92.0,90.0,76.0,0.94
STU-300434,Abigail Barnett,2018-02-23,Grade 1,Poblacion National High School,Rizal,76.0,82.0,97.0,0.89
STU-300676,Aaron Collier,2012-09-02,Grade 9,Rizal Elementary School,Sta. Cruz,86.0,85.0,73.0,0.86
STU-300928,Jennifer Lee,2018-01-01,Grade 2,San Isidro Elementary School,San Miguel,81.0,67.0,87.0,0.99
STU-300018,Erica Madden,2018-06-04,Grade 10,Poblacion National High School,San Isidro,89.0,81.0,78.0,0.94
STU-300032,Ashley Brown,2010-03-07,Grade 9,Rizal Elementary School,San Isidro,100.0,64.0,74.0,0.97
STU-300053,George Logan,2020-12-03,Grade 7,San Isidro Elementary School,Mabini,70.0,62.0,80.0,0.93
STU-300213,Roger Kirk,2005-11-15,Grade 8,Rizal Elementary School,Del Pilar,63.0,89.0,89.0,0.99
STU-300849,Logan Thompson,2007-01-19,Grade 5,Poblacion National High School,Del Pilar,75.0,79.0,87.0,1.0
STU-300730,Kevin Love,2020-12-05,Grade 7,Mabini Integrated School,Bagong Silang,52.0,76.0,91.0,0.97
STU-300526,Philip Smith,2014-10-21,Grade 7,Mabini Integrated School,Maligaya,79.0,93.0,85.0,0.9
STU-300191,Angela Monroe,2012-09-17,Grade 9,Poblacion National High School,Maligaya,67.0,86.0,84.0,0.89
STU-300283,Courtney Williams,2009-07-10,Grade 7,Mabini Integrated School,Bagong Silang,85.0,81.0,73.0,0.93
STU-300913,Jerome Cortez,2012-02-09,Grade 4,Poblacion National High School,San Jose,81.0,66.0,82.0,0.9
STU-300078,Melissa Obrien,2015-06-26,Grade 4,San Isidro Elementary School,Poblacion,84.0,79.0,74.0,1.0
STU-300600,Cameron Brown,2011-04-13,Grade 6,Poblacion National High School,San Jose,66.0,75.0,92.0,0.95
STU-300576,Isaac Rodgers,2020-10-06,Grade 5,Poblacion National High School,Magsaysay,74.0,93.0,72.0,0.87
STU-300042,Alicia Mitchell,2015-11-09,Grade 1,San Isidro Elementary School,Magsaysay,84.0,86.0,76.0,0.91
STU-300597,Erica Wilson,2018-03-28,Grade 2,Rizal Elementary School,Bayanihan,57.0,73.0,74.0,0.93
STU-300574,Andrew Ballard,2017-12-26,Grade 1,San Isidro Elementary School,San Jose,75.0,71.0,76.0,0.84
STU-300027,Ashley Vasquez,2012-10-22,Grade 2,Rizal Elementary School,Bayanihan,91.0,84.0,78.0,0.86
STU-300272,Tiffany Jones,2019-01-23,Grade 2,Rizal Elementary School,Bagong Silang,72.0,85.0,80.0,0.83
STU-300326,Jennifer Roth,2008-07-01,Grade 6,Poblacion National High School,San Miguel,82.0,91.0,73.0,0.83
STU-300567,Alexis Becker,2017-10-24,Grade 1,Mabini Integrated School,Bagong Silang,46.0,86.0,82.0,0.9
STU-300025,Steven Atkinson,2016-01-26,Grade 7,San Isidro Elementary School,Magsaysay,67.0,77.0,56.0,0.91
STU-300208,Caleb Ramirez,2010-03-25,Grade 3,Mabini Integrated School,Bayanihan,83.0,74.0,63.0,0.93
STU-300916,Tiffany Porter MD,2010-04-01,Grade 10,Mabini Integrated School,San Miguel,89.0,80.0,59.0,1.0
STU-300030,Natalie Garcia,2011-08-04,Grade 3,Rizal Elementary School,Maligaya,74.0,85.0,94.0,0.87
STU-300292,Matthew Phelps,2018-05-21,Grade 6,Rizal Elementary School,Bagong Silang,67.0,88.0,71.0,0.91
STU-300287,Susan Palmer,2017-06-14,Grade 8,Poblacion National High School,Poblacion,95.0,81.0,70.0,0.88
STU-300224,Raymond Choi,2019-01-15,Grade 4,Rizal Elementary School,Maligaya,86.0,59.0,87.0,0.95
STU-300637,Rebekah Manning,2009-07-22,Grade 6,Poblacion National High School,Del Pilar,50.0,81.0,75.0,0.92
STU-300357,Jeffrey Mcgee,2010-09-04,Grade 3,Mabini Integrated School,Del Pilar,67.0,80.0,64.0,0.93
STU-300266,David Yang,2009-12-29,Grade 2,Poblacion National High School,Magsaysay,68.0,66.0,80.0,0.96
STU-300134,Anthony Berry,2020-04-22,Grade 1,San Isidro Elementary School,Magsaysay,87.0,77.0,100.0,0.93
STU-300105,Ethan Pollard,2017-06-19,Grade 10,Poblacion National High School,Rizal,72.0,87.0,77.0,0.95
STU-300007,Amanda Rogers,2006-04-05,Grade 10,San Isidro Elementary School,Rizal,72.0,89.0,78.0,0.97
STU-300125,Monica Higgins,2014-03-25,Grade 8,Mabini Integrated School,Magsaysay,73.0,69.0,81.0,0.92
STU-300593,Nancy Morton,2007-07-22,Grade 9,San Isidro Elementary School,Bagong Silang,85.0,71.0,78.0,0.86
STU-300988,Paul Gutierrez,2008-07-13,Grade 6,San Isidro Elementary School,Bayanihan,80.0,66.0,91.0,0.95
STU-300958,Sarah Terry,2016-03-23,Grade 5,Mabini Integrated School,Magsaysay,89.0,79.0,73.0,0.86
STU-300509,Patricia Robinson,2008-05-09,Grade 9,Poblacion National High School,Mabini,99.0,92.0,85.0,0.95
STU-300378,Jose Jennings,2021-04-18,Grade 7,Rizal Elementary School,Del Pilar,69.0,82.0,80.0,0.75
STU-300700,Lindsey Moore,2011-09-28,Grade 7,San Isidro Elementary School,San Jose,94.0,100.0,71.0,0.96
STU-300608,Jessica Nelson,2015-08-22,Grade 10,Mabini Integrated School,Mabini,66.0,81.0,66.0,0.96
STU-300797,Caroline Webb,2015-05-17,Grade 5,Mabini Integrated School,Magsaysay,90.0,92.0,69.0,0.99
STU-300596,David Woods,2018-09-16,Grade 1,Rizal Elementary School,Poblacion,87.0,86.0,72.0,0.95
STU-300555,Jeremy Moses,2015-10-18,Grade 10,Poblacion National High School,San Miguel,85.0,82.0,80.0,0.88
STU-300199,Andrea Berry,2009-05-20,Grade 4,Rizal Elementary School,San Jose,87.0,84.0,90.0,0.97
STU-300678,Sandra Roberson,2010-04-10,Grade 4,San Isidro Elementary School,San Jose,,,,
STU-300548,Kimberly Ochoa,2007-05-25,Grade 2,Rizal Elementary School,Bagong Silang,56.0,75.0,66.0,0.99
STU-300973,April Donaldson,2020-05-03,Grade 9,Mabini Integrated School,Bagong Silang,,,,
STU-300839,Taylor Thomas,2016-10-29,Grade 3,Mabini Integrated School,Bagong Silang,93.0,84.0,67.0,1.0
STU-300119,Ryan Wade,2019-04-29,Grade 1,San Isidro Elementary School,Maligaya,100.0,88.0,70.0,0.91
STU-300452,Michelle Gomez,2019-05-30,Grade 7,San Isidro Elementary School,Poblacion,82.0,62.0,72.0,0.89
STU-300080,Kyle Sweeney,2011-12-21,Grade 1,Mabini Integrated School,Del Pilar,94.0,74.0,60.0,0.91
STU-300914,Dennis Mendez,2006-06-28,Grade 8,San Isidro Elementary School,Bayanihan,93.0,82.0,70.0,0.97
STU-300982,Daniel Ball,2013-08-14,Grade 10,Mabini Integrated School,Bayanihan,77.0,90.0,51.0,0.93
STU-300709,Christopher Gutierrez,2016-03-26,Grade 10,Mabini Integrated School,San Miguel,76.0,69.0,82.0,1.0
STU-300301,Julia Kelly,2016-11-11,Grade 8,Rizal Elementary School,Del Pilar,96.0,91.0,76.0,0.85
STU-300211,Toni Baker,2017-01-02,Grade 7,San Isidro Elementary School,San Isidro,71.0,75.0,56.0,0.86
STU-300698,Patricia Huffman,2008-12-23,Grade 6,Poblacion National High School,Magsaysay,74.0,97.0,56.0,0.87
STU-300671,Cory Chapman,2013-05-31,Grade 2,Mabini Integrated School,Bayanihan,79.0,83.0,82.0,0.86
STU-300734,Nicole Krause,2010-08-31,Grade 6,Poblacion National High School,San Miguel,86.0,68.0,74.0,0.92
STU-300882,Brandon Mclean,2019-03-30,Grade 3,Poblacion National High School,San Isidro,73.0,78.0,79.0,0.95
STU-300697,Thomas Hayes,2009-09-06,Grade 4,Rizal Elementary School,Sta. Cruz,72.0,85.0,82.0,0.91
STU-300809,Jose Franco,2013-04-13,Grade 10,Poblacion National High School,Bagong Silang,68.0,69.0,100.0,0.9
STU-300913,Jerome Cortez,2012-02-09,Grade 4,Poblacion National High School,San Jose,81.0,66.0,82.0,0.9
STU-300767,Brian Osborne,2009-04-23,Grade 3,Mabini Integrated School,Maligaya,79.0,80.0,76.0,0.94
STU-300403,Joshua Washington,2017-05-20,Grade 2,Poblacion National High School,Mabini,82.0,67.0,55.0,0.98
STU-300763,Gilbert Wilson,2017-12-16,Grade 6,Poblacion National High School,Maligaya,89.0,86.0,93.0,0.9
STU-300654,Chad Pennington,2018-09-14,Grade 8,Mabini Integrated School,Mabini,75.0,84.0,90.0,0.81
STU-300706,Manuel Sanchez,2021-01-27,Grade 2,Mabini Integrated School,Maligaya,81.0,75.0,89.0,0.88
STU-300495,Robert Russell,2014-05-18,Grade 7,San Isidro Elementary School,Sta. Cruz,64.0,76.0,86.0,0.87
STU-300538,Dale Glenn,2012-01-04,Grade 4,Mabini Integrated School,Maligaya,82.0,75.0,79.0,0.92
STU-300015,Andrea Hayes,2014-01-11,Grade 5,San Isidro Elementary School,San Miguel,82.0,79.0,66.0,0.85
STU-300834,James Evans,2016-12-12,Grade 1,Mabini Integrated School,Rizal,94.0,86.0,67.0,0.97
STU-300931,Jacqueline Burch,2011-12-18,Grade 7,Mabini Integrated School,Magsaysay,85.0,76.0,95.0,1.0
STU-300436,Amanda Holden,2014-06-19,Grade 8,Rizal Elementary School,San Miguel,66.0,64.0,79.0,0.84
STU-300101,Sheila Johnson,2018-12-05,Grade 5,Poblacion National High School,Magsaysay,,,,
STU-300374,Lisa Moore,2011-11-24,Grade 6,Poblacion National High School,Sta. Cruz,632.0,648.0,624.0,7.36
STU-300451,Karen Nelson MD,2015-02-07,Grade 3,Mabini Integrated School,San Isidro,93.0,76.0,64.0,0.89
STU-300541,Brandi Barry,2012-04-06,Grade 5,San Isidro Elementary School,Bayanihan,66.0,83.0,77.0,1.0
STU-300299,Mary Chandler,2014-10-11,Grade 4,San Isidro Elementary School,San Jose,,,,
STU-300891,Samuel Fields,2019-11-10,Grade 2,Poblacion National High School,San Isidro,80.0,70.0,73.0,0.98
STU-300262,Christopher Carson,2015-12-03,Grade 4,Mabini Integrated School,Magsaysay,632.0,648.0,624.0,7.36
STU-300725,Leslie Brown,2012-05-28,Grade 2,Poblacion National High School,Bagong Silang,64.0,79.0,65.0,0.9
STU-300828,Danielle Nguyen,2020-08-03,Grade 5,San Isidro Elementary School,Bayanihan,93.0,80.0,62.0,0.91
STU-300174,Christine Hutchinson,2009-01-07,Grade 6,Mabini Integrated School,Sta. Cruz,,,,
STU-300467,James Fischer,2011-10-04,Grade 2,Mabini Integrated School,Mabini,78.0,69.0,76.0,0.85
STU-300896,Eric Chandler,2021-01-30,Grade 4,Mabini Integrated School,Magsaysay,72.0,74.0,100.0,1.0
STU-300459,Hailey Oneal,2011-07-12,Grade 1,Poblacion National High School,San Jose,85.0,78.0,64.0,0.98
STU-300344,Sara Sanchez,2008-03-31,Grade 1,Mabini Integrated School,San Jose,69.0,67.0,80.0,0.9
STU-300753,Robert Wright,2006-02-17,Grade 7,Rizal Elementary School,Magsaysay,66.0,86.0,73.0,0.85
STU-300468,Traci Welch,2020-05-30,Grade 7,Rizal Elementary School,Sta. Cruz,85.0,67.0,81.0,0.84
STU-300798,Emma Parrish,2008-04-10,Grade 3,Poblacion National High School,Sta. Cruz,78.0,90.0,84.0,0.86
STU-300966,Brittany Romero,2019-12-20,Grade 7,San Isidro Elementary School,Bagong Silang,87.0,82.0,74.0,0.86
STU-300619,Melanie Parker,2013-02-11,Grade 3,Rizal Elementary School,Rizal,79.0,79.0,68.0,0.93
STU-300715,Gerald Odom,2013-08-04,Grade 9,Poblacion National High School,Bagong Silang,100.0,85.0,75.0,0.85
STU-300909,Angela King,2015-07-15,Grade 8,Rizal Elementary School,Bayanihan,69.0,63.0,90.0,0.93
STU-300453,Denise Smith,2009-09-02,Grade 7,Mabini Integrated School,Magsaysay,70.0,100.0,81.0,0.9
STU-300886,Kathryn Bartlett,2013-04-10,Grade 2,Rizal Elementary School,Del Pilar,64.0,82.0,90.0,0.94
STU-300786,Stephanie Valdez,2018-10-29,Grade 9,San Isidro Elementary School,Magsaysay,83.0,83.0,90.0,0.86
STU-300639,Lisa Anderson,2019-04-10,Grade 4,Rizal Elementary School,Bayanihan,89.0,76.0,64.0,0.85
STU-300659,Kelly Ferguson,2006-03-12,Grade 10,Mabini Integrated School,Bagong Silang,69.0,57.0,75.0,0.84
STU-300507,Amanda White DDS,2008-12-19,Grade 1,Mabini Integrated School,Maligaya,80.0,70.0,79.0,0.98
STU-300638,Patrick Santiago,2009-09-14,Grade 8,Mabini Integrated School,San Isidro,57.0,73.0,89.0,0.9
STU-300813,Denise Meyer,2006-09-27,Grade 1,Mabini Integrated School,Bayanihan,88.0,85.0,71.0,0.89
STU-300866,Lisa Roberts,2007-02-17,Grade 4,Mabini Integrated School,San Jose,68.0,96.0,68.0,0.84
STU-300826,Kristi Johnson,2020-03-29,Grade 10,San Isidro Elementary School,Sta. Cruz,77.0,70.0,71.0,0.91
STU-300747,Jennifer White,2006-02-17,Grade 10,Mabini Integrated School,Maligaya,92.0,100.0,82.0,0.92
STU-300780,Sean Lewis,2012-07-04,Grade 3,Mabini Integrated School,Sta. Cruz,67.0,65.0,80.0,0.96
STU-300743,Stefanie Lopez,2016-10-14,Grade 1,Poblacion National High School,Bagong Silang,85.0,74.0,94.0,0.93
STU-300727,Brianna Hill,2009-08-25,Grade 3,Mabini Integrated School,San Isidro,84.0,83.0,96.0,0.93
STU-300710,Christopher Trujillo,2009-01-20,Grade 6,Mabini Integrated School,Poblacion,85.0,86.0,84.0,0.98
STU-300951,Tom Smith,2013-11-15,Grade 6,Rizal Elementary School,Mabini,66.0,67.0,73.0,0.92
STU-300869,Ernest Brown,2019-12-01,Grade 4,Mabini Integrated School,Poblacion,81.0,82.0,50.0,0.86
STU-300135,James Farmer,2013-04-19,Grade 2,Poblacion National High School,Del Pilar,71.0,100.0,74.0,0.95
STU-300636,Stephen Blankenship,2016-06-28,Grade 5,Rizal Elementary School,San Jose,,,,
STU-300788,Nicholas Stewart,2013-07-24,Grade 6,Mabini Integrated School,Poblacion,90.0,80.0,77.0,0.83
STU-300247,Susan Moore,2020-10-17,Grade 6,San Isidro Elementary School,Del Pilar,100.0,83.0,66.0,0.86
STU-300319,Patrick Bennett,2019-12-28,Grade 7,San Isidro Elementary School,San Isidro,,,,
STU-300305,Ronald Aguirre,2019-07-21,Grade 1,Rizal Elementary School,San Miguel,57.0,79.0,82.0,0.97
STU-300375,Samantha Johnson,2011-09-23,Grade 6,Poblacion National High School,Poblacion,67.0,87.0,71.0,0.89
STU-300856,Paul White,2018-06-01,Grade 3,Mabini Integrated School,Mabini,91.0,78.0,72.0,0.89
STU-300972,Rachel Farmer,2009-02-28,Grade 1,San Isidro Elementary School,Poblacion,100.0,85.0,55.0,0.95
STU-300542,Thomas Thomas,2008-04-14,Grade 8,San Isidro Elementary School,Rizal,77.0,81.0,70.0,0.88
STU-300675,Joseph Dennis,2015-07-22,Grade 7,Rizal Elementary School,Rizal,84.0,79.0,80.0,0.9
STU-300755,Alex Williams,2015-11-14,Grade 9,Mabini Integrated School,San Miguel,89.0,74.0,82.0,0.9
STU-300625,Ms. Emily Davis DDS,2016-11-27,Grade 6,San Isidro Elementary School,Bayanihan,84.0,64.0,67.0,0.92
STU-300397,Timothy Coleman,2006-11-29,Grade 3,San Isidro Elementary School,San Jose,80.0,82.0,100.0,0.86
STU-300146,Richard Lopez,2011-12-22,Grade 2,Poblacion National High School,San Isidro,83.0,78.0,94.0,0.97
STU-300633,Christina Jimenez,2009-10-24,Grade 8,Mabini Integrated School,Del Pilar,67.0,96.0,90.0,1.0
STU-300814,Maria Evans,2009-12-22,Grade 3,Rizal Elementary School,Sta. Cruz,55.0,84.0,68.0,0.81
STU-300461,Brian Clarke,2020-05-11,Grade 10,Rizal Elementary School,Sta. Cruz,79.0,86.0,88.0,0.85
STU-300595,Brian Shaw,2020-10-15,Grade 5,Rizal Elementary School,Sta. Cruz,84.0,76.0,65.0,0.98
STU-300140,Brian Simmons,2018-11-20,Grade 4,Poblacion National High School,San Jose,81.0,74.0,69.0,0.84
STU-300901,Robert Kirby,2008-07-21,Grade 5,Poblacion National High School,Bagong Silang,,,,
STU-300957,Elizabeth Willis,2007-04-01,Grade 10,Rizal Elementary School,Bayanihan,93.0,77.0,79.0,0.92
STU-300702,Thomas Mills,2019-04-16,Grade 10,Rizal Elementary School,Poblacion,77.0,79.0,73.0,0.89
STU-300749,Brandon Thompson,2011-01-14,Grade 8,San Isidro Elementary School,Maligaya,85.0,92.0,96.0,0.94
STU-300954,Patricia Bentley,2015-06-25,Grade 4,Poblacion National High School,Rizal,76.0,78.0,82.0,0.96
STU-300026,Brenda Moore DVM,2015-12-26,Grade 3,Poblacion National High School,Magsaysay,100.0,86.0,73.0,0.89
STU-300155,Bryan Peterson,2014-03-01,Grade 5,Mabini Integrated School,Poblacion,82.0,82.0,81.0,0.94
STU-300889,Daniel Gonzalez,2019-06-21,Grade 4,Mabini Integrated School,Maligaya,76.0,61.0,78.0,0.95
STU-300580,Cindy Ramirez,2018-04-17,Grade 7,Mabini Integrated School,Bayanihan,67.0,95.0,72.0,0.96
STU-300682,Dana Chavez,2009-04-04,Grade 4,Rizal Elementary School,Sta. Cruz,76.0,92.0,68.0,0.86
STU-300685,Joseph Bailey,2007-05-26,Grade 5,Mabini Integrated School,Bagong Silang,65.0,75.0,84.0,0.94
STU-300649,Matthew Thomas,2007-01-20,Grade 10,Rizal Elementary School,Bayanihan,68.0,85.0,70.0,0.92
STU-300515,Andrea Mccann,2018-02-11,Grade 4,Rizal Elementary School,Bayanihan,91.0,64.0,96.0,0.89
STU-300578,Laurie Evans,2018-11-12,Grade 1,Mabini Integrated School,Rizal,69.0,86.0,70.0,0.84
STU-300099,Zachary Hooper,2020-05-19,Grade 7,Mabini Integrated School,Poblacion,79.0,65.0,88.0,0.91
STU-300853,Brittney Gordon,2005-11-23,Grade 6,Rizal Elementary School,San Miguel,66.0,84.0,79.0,0.91
STU-300898,Steven Robinson,2012-07-01,Grade 10,Poblacion National High School,Poblacion,66.0,69.0,84.0,0.85
STU-300166,Laura Todd,2010-09-08,Grade 7,Rizal Elementary School,Bagong Silang,83.0,74.0,67.0,0.9
STU-300873,Paul Maldonado,2018-05-15,Grade 4,Rizal Elementary School,Bayanihan,76.0,81.0,80.0,0.88
STU-300023,Martin Williams,2020-07-29,Grade 7,Poblacion National High School,Mabini,79.0,86.0,85.0,0.87
STU-300552,Robin Hernandez,2018-11-06,Grade 2,Poblacion National High School,San Isidro,91.0,61.0,77.0,0.99
STU-300204,Timothy Nichols Jr.,2008-10-25,Grade 4,Rizal Elementary School,San Isidro,83.0,68.0,78.0,0.84
STU-300033,Travis Greene,2019-02-18,Grade 2,San Isidro Elementary School,Mabini,73.0,63.0,84.0,0.9
STU-300242,Natalie Smith,2020-10-09,Grade 10,Mabini Integrated School,San Jose,84.0,76.0,77.0,0.88
STU-300565,Matthew White,2009-11-18,Grade 1,Mabini Integrated School,Mabini,66.0,83.0,75.0,0.97
STU-300370,John Barnett,2019-03-18,Grade 3,San Isidro Elementary School,Poblacion,,,,
STU-300635,Sarah Griffith,2011-10-09,Grade 5,Poblacion National High School,Maligaya,94.0,93.0,81.0,0.93
STU-300947,Juan Nicholson,2006-06-14,Grade 2,San Isidro Elementary School,Poblacion,,,,
STU-300660,Brittany Molina,2008-11-02,Grade 10,Mabini Integrated School,Del Pilar,,,,
STU-300009,Christina Chavez,2014-03-18,Grade 9,Rizal Elementary School,Poblacion,78.0,93.0,69.0,0.93
STU-300010,Matthew Sawyer,2010-02-18,Grade 1,San Isidro Elementary School,Bayanihan,76.0,65.0,94.0,0.97
STU-300079,Jennifer Thomas,2017-01-27,Grade 7,San Isidro Elementary School,Maligaya,82.0,74.0,74.0,0.88
STU-300964,Bradley Elliott,2008-12-15,Grade 9,Mabini Integrated School,San Jose,74.0,73.0,61.0,0.86
STU-300350,Kathy Spencer,2013-08-15,Grade 4,Poblacion National High School,San Isidro,78.0,75.0,83.0,0.91
STU-300118,Shannon Nunez,2019-09-03,Grade 8,Mabini Integrated School,Rizal,86.0,79.0,61.0,0.97
STU-300935,Brian Herrera,2006-01-15,Grade 5,Poblacion National High School,San Miguel,77.0,75.0,82.0,0.83
STU-300234,Mariah Fitzgerald,2015-07-20,Grade 10,Rizal Elementary School,Bagong Silang,46.0,85.0,77.0,0.94
STU-300520,Randy Brown,2012-05-14,Grade 1,Poblacion National High School,Maligaya,86.0,76.0,66.0,0.99
STU-300907,Lisa Johnston,2006-02-07,Grade 4,Rizal Elementary School,Mabini,92.0,75.0,64.0,0.84
STU-300289,Alexandria Ellis,2011-08-16,Grade 5,Mabini Integrated School,Mabini,100.0,88.0,86.0,0.92
STU-300216,Thomas Jones,2017-02-10,Grade 10,San Isidro Elementary School,Bagong Silang,88.0,81.0,92.0,0.85
STU-300049,Stephen Moore MD,2016-02-15,Grade 10,Mabini Integrated School,Rizal,100.0,66.0,68.0,1.0
STU-300500,Richard Rodriguez,2019-08-30,Grade 9,Poblacion National High School,Del Pilar,72.0,75.0,88.0,0.78
STU-300930,April Bailey,2010-08-14,Grade 2,San Isidro Elementary School,San Jose,58.0,100.0,81.0,0.97
STU-300894,Tina Thompson,2012-05-05,Grade 6,Poblacion National High School,Magsaysay,79.0,70.0,100.0,0.91
STU-300493,Shawn Nguyen,2020-12-18,Grade 7,Mabini Integrated School,Magsaysay,85.0,87.0,53.0,0.92
STU-300609,Ricardo Marshall,2015-10-29,Grade 4,Rizal Elementary School,Mabini,86.0,64.0,69.0,0.92
STU-300144,Debra Carlson,2007-01-11,Grade 1,Poblacion National High School,Mabini,78.0,81.0,80.0,0.88
STU-300474,Joseph Chapman,2019-06-27,Grade 2,San Isidro Elementary School,Del Pilar,99.0,70.0,80.0,0.85
STU-300686,Matthew Lozano PhD,2016-12-12,Grade 2,Rizal Elementary School,San Miguel,92.0,83.0,86.0,0.95
STU-300992,Jennifer Robbins,2014-11-27,Grade 9,San Isidro Elementary School,Del Pilar,84.0,61.0,69.0,0.78
STU-300333,Lauren Cooper,2010-06-17,Grade 8,Rizal Elementary School,Del Pilar,99.0,95.0,65.0,0.87
STU-300112,Jason Simmons,2012-08-15,Grade 2,San Isidro Elementary School,Bagong Silang,64.0,74.0,87.0,0.84
STU-300732,Katherine Weber,2020-02-08,Grade 2,Poblacion National High School,Bayanihan,90.0,71.0,70.0,1.0
STU-300549,Jennifer Young,2016-04-05,Grade 3,Poblacion National High School,Maligaya,,,,
STU-300360,John Morris Jr.,2012-12-16,Grade 3,Rizal Elementary School,Magsaysay,92.0,82.0,78.0,1.0
STU-300668,Jose Carr,2016-05-26,Grade 6,Rizal Elementary School,Magsaysay,64.0,85.0,85.0,0.96
STU-300407,Carol Larsen,2015-08-03,Grade 2,Poblacion National High School,Poblacion,79.0,85.0,78.0,0.97
STU-300338,Rachel Brock,2005-07-01,Grade 5,Poblacion National High School,Maligaya,78.0,85.0,63.0,1.0
STU-300701,Mike Bautista,2011-11-04,Grade 7,Mabini Integrated School,Magsaysay,77.0,65.0,90.0,0.95
STU-300937,Roberto Harris,2011-07-11,Grade 8,San Isidro Elementary School,Del Pilar,77.0,79.0,65.0,0.88
STU-300644,Jacqueline Perez,2007-04-10,Grade 10,Rizal Elementary School,Maligaya,71.0,64.0,70.0,0.95
STU-300594,Carlos Bell,2008-03-23,Grade 1,Rizal Elementary School,Magsaysay,95.0,82.0,100.0,0.94
STU-300351,Todd Black,2007-04-24,Grade 4,Rizal Elementary School,Magsaysay,82.0,87.0,83.0,0.97
STU-300673,Todd Peterson,2019-12-01,Grade 7,Rizal Elementary School,Rizal,88.0,74.0,65.0,0.94
STU-300463,Timothy Johnston,2007-12-10,Grade 7,Mabini Integrated School,San Jose,78.0,92.0,66.0,1.0
STU-300462,Danielle Bridges,2012-04-17,Grade 8,Poblacion National High School,Del Pilar,88.0,86.0,70.0,0.91
STU-300420,Philip Lewis,2012-07-13,Grade 7,San Isidro Elementary School,San Miguel,77.0,75.0,68.0,0.97
STU-300618,Carla Mcguire,2009-05-07,Grade 8,Rizal Elementary School,Poblacion,86.0,63.0,64.0,0.94
STU-300322,Richard Lucas,2014-12-10,Grade 9,Mabini Integrated School,Poblacion,87.0,89.0,97.0,0.89
STU-300728,Kelli Hanson,2010-02-21,Grade 7,Mabini Integrated School,Sta. Cruz,74.0,71.0,78.0,0.8
STU-300438,Mathew Suarez,2009-03-09,Grade 8,Rizal Elementary School,Mabini,71.0,80.0,55.0,0.97
STU-300854,Alyssa Crosby,2015-12-23,Grade 10,Rizal Elementary School,Rizal,61.0,87.0,75.0,0.91
STU-300183,Kristina Smith,2011-12-02,Grade 4,San Isidro Elementary School,San Jose,65.0,87.0,74.0,0.91
STU-300367,Bruce Kelley DDS,2017-03-08,Grade 2,Poblacion National High School,Sta. Cruz,76.0,79.0,65.0,0.92
STU-300890,Justin Thompson,2011-03-20,Grade 1,Poblacion National High School,Bayanihan,79.0,81.0,84.0,0.95
STU-300342,Albert Lambert,2013-07-16,Grade 6,Poblacion National High School,San Jose,88.0,81.0,88.0,0.83
STU-300306,Emily Salazar,2015-02-21,Grade 8,Poblacion National High School,Poblacion,100.0,92.0,88.0,0.99
STU-300217,William Ward,2010-01-06,Grade 3,Mabini Integrated School,Bagong Silang,82.0,88.0,56.0,0.85
STU-300970,Keith Gallagher,2019-04-30,Grade 8,Mabini Integrated School,Sta. Cruz,58.0,92.0,74.0,0.84
STU-300037,Richard Hicks,2014-04-24,Grade 8,Mabini Integrated School,Maligaya,66.0,82.0,97.0,0.97
STU-300313,Robert Sanders,2005-06-18,Grade 6,Poblacion National High School,Rizal,88.0,84.0,82.0,0.96
STU-300583,Alan Williams,2018-07-21,Grade 8,Poblacion National High School,Magsaysay,78.0,83.0,81.0,0.97
STU-300188,Sandra Davis,2011-09-11,Grade 7,Poblacion National High School,San Isidro,78.0,79.0,75.0,0.92
STU-300481,Dustin Meza,2016-11-13,Grade 10,Poblacion National High School,Maligaya,46.0,82.0,75.0,0.9
STU-300036,Patricia Harrison,2008-10-20,Grade 4,San Isidro Elementary School,San Miguel,67.0,96.0,64.0,0.87
STU-300899,Ricardo Johnson,2006-01-19,Grade 4,Poblacion National High School,Bayanihan,,,,
STU-300770,Paul Taylor,2012-08-05,Grade 10,Mabini Integrated School,San Isidro,78.0,84.0,70.0,0.87
STU-300870,Nicole Watson,2019-03-23,Grade 9,Mabini Integrated School,Magsaysay,67.0,81.0,83.0,0.95
STU-300522,Sarah Allen,2020-05-29,Grade 4,Poblacion National High School,Bagong Silang,65.0,79.0,84.0,0.99
STU-300478,Bailey Oneal,2006-07-10,Grade 7,Poblacion National High School,San Isidro,70.0,82.0,68.0,0.98
STU-300233,Sharon Gardner,2012-03-21,Grade 5,Poblacion National High School,San Isidro,77.0,82.0,77.0,0.9
STU-300102,Deborah Walsh,2018-07-31,Grade 7,Poblacion National High School,Maligaya,71.0,68.0,70.0,0.98
STU-300756,Kristina West,2009-07-18,Grade 1,Poblacion National High School,San Jose,85.0,80.0,74.0,0.85
STU-300758,Janet Cooke,2017-02-05,Grade 4,Rizal Elementary School,Sta. Cruz,74.0,70.0,76.0,0.9
STU-300719,April Herrera,2017-01-21,Grade 2,Poblacion National High School,Rizal,84.0,83.0,64.0,0.88
STU-300065,Gregory Fuller,2012-10-08,Grade 2,Mabini Integrated School,Magsaysay,46.0,84.0,83.0,0.9
STU-300418,Lori Reid,2016-05-30,Grade 8,Rizal Elementary School,Bagong Silang,76.0,63.0,68.0,0.98
STU-300163,Lori Anderson,2009-03-30,Grade 1,Rizal Elementary School,Bagong Silang,57.0,67.0,100.0,1.0
STU-300263,James Brown,2016-10-02,Grade 7,San Isidro Elementary School,Magsaysay,94.0,83.0,95.0,0.91
STU-300231,Katie Duarte,2006-01-02,Grade 5,Mabini Integrated School,Bayanihan,80.0,81.0,65.0,0.92
STU-300560,Kellie Moyer,2018-05-07,Grade 3,Mabini Integrated School,Sta. Cruz,92.0,95.0,83.0,0.89
STU-300235,Maureen Andrews,2005-07-07,Grade 10,Mabini Integrated School,San Miguel,,,,
STU-300491,Jennifer Hutchinson,2021-04-18,Grade 10,Poblacion National High School,San Miguel,75.0,91.0,87.0,1.0
STU-300175,Bruce Watson,2015-04-22,Grade 2,Poblacion National High School,San Jose,78.0,96.0,90.0,0.96
STU-300806,Jonathan Paul,2012-03-13,Grade 7,Poblacion National High School,Mabini,73.0,76.0,89.0,0.99
STU-300860,Melissa Escobar,2016-03-27,Grade 8,Mabini Integrated School,San Isidro,73.0,69.0,76.0,1.0
STU-300071,Ian Woods,2007-04-12,Grade 9,Rizal Elementary School,Del Pilar,66.0,83.0,80.0,0.94
STU-300125,Monica Higgins,2014-03-25,Grade 8,Mabini Integrated School,Magsaysay,73.0,69.0,81.0,0.92
STU-300089,Savannah Burke,2018-03-28,Grade 4,Poblacion National High School,San Jose,75.0,78.0,70.0,0.94
STU-300117,Susan Cummings,2012-04-24,Grade 10,Poblacion National High School,San Jose,78.0,77.0,75.0,0.88
STU-300321,Diana Williams,2017-05-28,Grade 1,Mabini Integrated School,Rizal,100.0,90.0,78.0,0.91
STU-300632,Joshua Wilson,2013-05-22,Grade 9,San Isidro Elementary School,Del Pilar,86.0,76.0,82.0,0.9
STU-300971,Angel Gates,2011-01-06,Grade 9,San Isidro Elementary School,San Jose,67.0,80.0,75.0,0.91
STU-300547,Sean Haynes,2020-07-28,Grade 5,Rizal Elementary School,San Jose,87.0,93.0,78.0,0.78
STU-300061,Karen Smith,2009-10-23,Grade 1,San Isidro Elementary School,Bayanihan,63.0,89.0,85.0,0.89
STU-300714,Debbie Brown,2015-05-04,Grade 3,Rizal Elementary School,San Jose,84.0,89.0,62.0,0.96
STU-300186,Brittany Baker,2007-02-04,Grade 8,San Isidro Elementary School,Maligaya,74.0,73.0,77.0,0.92
STU-300680,Stephanie Hughes,2011-02-16,Grade 7,Poblacion National High School,Maligaya,82.0,78.0,84.0,0.84
STU-300401,Kimberly Schaefer,2013-07-29,Grade 7,Mabini Integrated School,Rizal,74.0,82.0,66.0,0.86
STU-300232,Richard French,2007-08-08,Grade 1,Poblacion National High School,Del Pilar,88.0,74.0,81.0,0.85
STU-300562,Rebecca Shannon,2018-04-15,Grade 2,Poblacion National High School,Magsaysay,91.0,79.0,94.0,0.91
STU-300072,Jacob Guerrero,2019-10-04,Grade 4,San Isidro Elementary School,San Miguel,70.0,71.0,80.0,0.87
STU-300477,Mark Garrison,2013-03-05,Grade 7,San Isidro Elementary School,Mabini,94.0,78.0,70.0,0.88
STU-300270,Mark Martin,2015-08-28,Grade 6,Poblacion National High School,Rizal,85.0,71.0,100.0,0.97
STU-300111,Angela Goodwin,2010-08-21,Grade 7,San Isidro Elementary School,Bagong Silang,92.0,96.0,86.0,1.0
STU-300469,Jennifer Bradford,2015-02-26,Grade 4,San Isidro Elementary School,Poblacion,69.0,97.0,88.0,0.86
STU-300514,Jamie George,2014-09-05,Grade 1,Poblacion National High School,Magsaysay,58.0,88.0,78.0,0.89
STU-300497,Cynthia Smith,2020-11-13,Grade 2,Rizal Elementary School,Mabini,65.0,93.0,65.0,0.99
STU-300226,Michelle Pena,2007-01-09,Grade 6,San Isidro Elementary School,Magsaysay,66.0,78.0,82.0,0.95
STU-300329,Joel Anderson,2009-09-18,Grade 5,Poblacion National High School,Del Pilar,88.0,87.0,87.0,0.88
STU-300561,Kayla Johnson,2009-05-19,Grade 6,Poblacion National High School,San Miguel,61.0,74.0,73.0,1.0
STU-300426,Wayne Wallace,2020-08-20,Grade 8,San Isidro Elementary School,San Isidro,63.0,71.0,94.0,0.89
STU-300195,Tammy Hebert MD,2007-08-06,Grade 2,Rizal Elementary School,Magsaysay,85.0,100.0,80.0,0.99
STU-300336,Angela Washington,2006-06-09,Grade 1,San Isidro Elementary School,Mabini,79.0,86.0,64.0,0.93
STU-300653,Brian Brown,2020-12-28,Grade 1,San Isidro Elementary School,Mabini,95.0,78.0,67.0,0.93
STU-300778,Adam Mitchell,2013-10-13,Grade 1,San Isidro Elementary School,San Miguel,89.0,99.0,72.0,0.94
STU-300028,Kathleen Marshall,2021-03-11,Grade 4,Rizal Elementary School,Mabini,100.0,74.0,73.0,0.92
STU-300586,Mr. Bryan Ruiz Jr.,2015-10-16,Grade 7,Rizal Elementary School,Del Pilar,81.0,100.0,52.0,0.96
STU-300473,Heather Harding,2011-01-27,Grade 6,San Isidro Elementary School,Poblacion,87.0,71.0,84.0,0.93
STU-300501,Eric Andrade,2017-07-08,Grade 10,Rizal Elementary School,Bayanihan,77.0,95.0,72.0,0.9
STU-300137,Sarah Ramirez,2019-05-26,Grade 5,Poblacion National High School,Mabini,86.0,91.0,94.0,0.88
STU-300553,Fred Phelps,2006-12-25,Grade 6,Poblacion National High School,Sta. Cruz,75.0,58.0,66.0,0.86
STU-300986,Sean Wilson,2010-10-03,Grade 2,Mabini Integrated School,Rizal,,,,
STU-300944,Alicia Austin,2010-10-16,Grade 4,Mabini Integrated School,Magsaysay,59.0,82.0,80.0,0.88
STU-300393,Lauren Johnson,2018-12-22,Grade 8,Mabini Integrated School,Bayanihan,87.0,78.0,60.0,0.86
STU-300382,Alice Figueroa,2011-05-25,Grade 5,Mabini Integrated School,Maligaya,60.0,71.0,77.0,0.86
STU-300271,Brenda Carter,2013-12-10,Grade 1,Mabini Integrated School,San Jose,68.0,75.0,74.0,1.0
STU-300778,Adam Mitchell,2013-10-13,Grade 1,San Isidro Elementary School,San Miguel,89.0,99.0,72.0,0.94
STU-300669,Marcus Shepherd,2020-09-24,Grade 4,Rizal Elementary School,Poblacion,84.0,81.0,94.0,0.89
STU-300465,Angela Smith,2014-08-14,Grade 8,San Isidro Elementary School,Maligaya,88.0,88.0,69.0,0.88
STU-300648,Brittany Hunt,2006-08-21,Grade 9,San Isidro Elementary School,San Jose,100.0,87.0,72.0,1.0
STU-300480,Miguel Bentley,2005-06-19,Grade 3,Mabini Integrated School,Maligaya,71.0,78.0,94.0,0.84
STU-300328,David Pittman,2019-02-27,Grade 9,Poblacion National High School,San Jose,,,,
STU-300012,Sharon Bond,2009-09-08,Grade 5,Mabini Integrated School,Bayanihan,73.0,82.0,75.0,0.94
STU-300602,Lee Fuller,2006-07-10,Grade 2,Mabini Integrated School,Del Pilar,81.0,75.0,81.0,0.84
STU-300925,Mr. Robert Thomas,2012-03-24,Grade 4,Poblacion National High School,Del Pilar,63.0,85.0,83.0,1.0
STU-300206,Mr. Paul Boyd,2006-08-27,Grade 6,Mabini Integrated School,Del Pilar,92.0,76.0,80.0,0.88
STU-300103,Traci Stephens,2014-07-17,Grade 7,Poblacion National High School,Bayanihan,77.0,82.0,96.0,0.91
STU-300489,Teresa Lawson,2012-08-09,Grade 5,Mabini Integrated School,San Isidro,72.0,99.0,100.0,0.88
STU-300309,Ann Richardson,2012-03-16,Grade 9,Poblacion National High School,Maligaya,80.0,75.0,81.0,0.93
STU-300516,Danielle Andersen,2019-12-22,Grade 5,San Isidro Elementary School,Bagong Silang,60.0,79.0,75.0,0.89
STU-300222,Erik Barker,2018-05-04,Grade 3,San Isidro Elementary School,Magsaysay,80.0,83.0,86.0,1.0
STU-300153,Ashley Rivera,2021-02-02,Grade 7,Rizal Elementary School,Sta. Cruz,77.0,69.0,90.0,0.94
STU-300180,Jessica Kennedy,2015-03-23,Grade 5,Poblacion National High School,San Jose,88.0,66.0,68.0,0.86
STU-300656,Jennifer Mahoney,2012-07-28,Grade 6,Rizal Elementary School,Rizal,68.0,66.0,65.0,0.9
STU-300182,Vanessa Ross,2008-08-05,Grade 9,Poblacion National High School,Mabini,74.0,73.0,57.0,0.94
STU-300892,Kimberly Barber,2017-08-21,Grade 9,Rizal Elementary School,Rizal,97.0,79.0,60.0,1.0
STU-300331,Robert Cochran,2017-05-27,Grade 1,Poblacion National High School,Poblacion,82.0,74.0,92.0,1.0
STU-300582,Kimberly Martin,2012-03-26,Grade 10,Rizal Elementary School,Mabini,76.0,84.0,84.0,0.93
STU-300141,Lindsey Clark,2009-07-08,Grade 3,San Isidro Elementary School,Magsaysay,82.0,78.0,74.0,0.98
STU-300771,Mrs. Jennifer James,2012-10-27,Grade 7,Rizal Elementary School,San Jose,80.0,83.0,93.0,0.82
STU-300666,Brenda Nelson DDS,2014-09-26,Grade 7,Poblacion National High School,Rizal,75.0,83.0,89.0,0.98
STU-300785,Jason Dean,2007-05-12,Grade 7,Mabini Integrated School,Bagong Silang,83.0,100.0,84.0,0.94
STU-300558,Frederick Bonilla,2011-09-29,Grade 5,San Isidro Elementary School,Bayanihan,75.0,74.0,68.0,0.83
STU-300611,Kent Mendoza,2010-12-20,Grade 1,San Isidro Elementary School,Sta. Cruz,95.0,92.0,81.0,0.82
STU-300716,Justin Huffman,2018-10-28,Grade 1,Mabini Integrated School,Bayanihan,60.0,80.0,74.0,0.89
STU-300316,Katie Hill,2018-03-08,Grade 7,Poblacion National High School,Bayanihan,83.0,72.0,72.0,0.89
STU-300415,Eric Sanford,2006-06-29,Grade 1,Poblacion National High School,Maligaya,78.0,72.0,87.0,0.91
STU-300210,Amanda Taylor,2013-03-21,Grade 6,Rizal Elementary School,Bayanihan,,,,
STU-300777,Jeffrey May,2005-09-19,Grade 5,Mabini Integrated School,Maligaya,67.0,62.0,78.0,0.96
STU-300142,Mary White,2015-02-05,Grade 1,San Isidro Elementary School,Bagong Silang,77.0,74.0,70.0,0.82
STU-300002,Ashley Grant,2020-01-14,Grade 4,Poblacion National High School,Rizal,86.0,88.0,79.0,0.93
STU-300362,Christian Cowan,2017-10-18,Grade 9,Rizal Elementary School,Poblacion,73.0,75.0,68.0,1.0
STU-300004,Susan Henry,2015-03-29,Grade 4,Poblacion National High School,Rizal,85.0,71.0,69.0,0.94
STU-300044,Amanda Estrada,2005-07-11,Grade 6,Mabini Integrated School,San Jose,70.0,75.0,84.0,0.92
STU-300962,Sydney Gates,2018-12-07,Grade 7,San Isidro Elementary School,Del Pilar,82.0,80.0,100.0,0.94
STU-300281,Elijah Ferguson,2011-02-04,Grade 4,Mabini Integrated School,San Miguel,77.0,68.0,82.0,0.96
STU-300689,Raymond Carter,2006-04-11,Grade 6,Poblacion National High School,Bayanihan,86.0,95.0,90.0,0.86
STU-300202,Christopher Irwin,2017-12-22,Grade 6,Rizal Elementary School,Del Pilar,68.0,90.0,92.0,0.91
STU-300302,Samuel Edwards,2005-06-20,Grade 8,Poblacion National High School,Magsaysay,74.0,100.0,96.0,0.91
STU-300571,Timothy English,2011-08-29,Grade 6,Poblacion National High School,Bayanihan,74.0,88.0,70.0,0.98
STU-300365,Erika Foster,2016-01-04,Grade 8,Mabini Integrated School,Rizal,98.0,77.0,81.0,0.9
STU-300358,Jessica Davidson,2007-11-06,Grade 2,Rizal Elementary School,Mabini,79.0,63.0,99.0,0.92
STU-300581,Tanya Harmon,2010-03-27,Grade 9,Rizal Elementary School,Magsaysay,94.0,87.0,85.0,0.95
STU-300527,Shannon Welch,2008-07-12,Grade 4,Mabini Integrated School,Mabini,,,,
STU-300371,Arthur Larson,2009-08-29,Grade 5,San Isidro Elementary School,San Isidro,,,,
STU-300606,Mrs. Elizabeth Ramirez DVM,2010-11-12,Grade 6,San Isidro Elementary School,Maligaya,80.0,80.0,83.0,0.9
STU-300499,Claire Johnson,2008-02-01,Grade 10,Rizal Elementary School,Mabini,,,,
STU-300598,Melissa Armstrong,2010-04-04,Grade 9,Rizal Elementary School,Poblacion,58.0,68.0,74.0,0.9
STU-300237,Gregory Oconnell,2007-12-11,Grade 8,Rizal Elementary School,Poblacion,75.0,90.0,79.0,0.95
STU-300273,Kathleen Martinez,2021-01-27,Grade 7,Rizal Elementary School,Sta. Cruz,65.0,89.0,71.0,1.0
STU-300691,Lisa Campbell,2018-08-01,Grade 6,San Isidro Elementary School,Del Pilar,86.0,74.0,69.0,0.93
STU-300194,Shannon Brown,2017-12-05,Grade 8,San Isidro Elementary School,Sta. Cruz,79.0,100.0,74.0,0.91
STU-300513,Angela Willis,2010-10-29,Grade 8,San Isidro Elementary School,Magsaysay,,,,
STU-300875,Rita Harris,2006-11-19,Grade 5,Rizal Elementary School,Sta. Cruz,67.0,62.0,85.0,0.79
STU-300627,Renee Crawford,2011-12-15,Grade 7,San Isidro Elementary School,Magsaysay,90.0,79.0,79.0,0.99
STU-300209,Aaron Acosta,2020-09-09,Grade 10,Rizal Elementary School,Bagong Silang,64.0,82.0,66.0,0.99
STU-300162,Andres Allen,2014-06-11,Grade 5,Rizal Elementary School,San Isidro,97.0,79.0,83.0,0.94
STU-300677,Alexander Bullock,2007-03-22,Grade 1,Rizal Elementary School,Del Pilar,73.0,71.0,70.0,0.87
STU-300802,Amber Rios,2016-10-04,Grade 6,San Isidro Elementary School,San Jose,92.0,90.0,76.0,0.94
STU-300087,Tammie Salazar,2011-06-29,Grade 2,San Isidro Elementary School,Poblacion,72.0,78.0,77.0,0.99
STU-300774,Michael Davis,2021-01-05,Grade 7,Poblacion National High School,Del Pilar,67.0,58.0,94.0,0.9
STU-300614,Sara Rodgers,2007-03-01,Grade 5,San Isidro Elementary School,Rizal,84.0,79.0,68.0,0.88
STU-300190,Jamie Stevenson,2007-07-22,Grade 2,San Isidro Elementary School,Magsaysay,77.0,82.0,91.0,0.97
STU-300178,Nicole James,2015-06-20,Grade 1,Poblacion National High School,Mabini,92.0,83.0,82.0,0.91
STU-300392,Lindsey Thomas,2019-12-31,Grade 5,Poblacion National High School,Sta. Cruz,78.0,89.0,78.0,0.85
STU-300408,Jason Carlson,2012-02-03,Grade 5,Poblacion National High School,Rizal,77.0,79.0,68.0,0.88
STU-300569,Mary Weiss,2005-10-06,Grade 9,Poblacion National High School,Sta. Cruz,89.0,67.0,100.0,0.82
STU-300967,Rachel Merritt,2021-05-03,Grade 7,Rizal Elementary School,San Jose,68.0,85.0,83.0,0.9
STU-300703,John Woodard,2012-01-03,Grade 2,Mabini Integrated School,Magsaysay,69.0,88.0,64.0,0.92
STU-300511,Andrew Green,2017-08-23,Grade 2,Mabini Integrated School,Poblacion,66.0,84.0,74.0,0.9
STU-300711,Jordan Brooks,2011-09-13,Grade 1,Poblacion National High School,Poblacion,87.0,70.0,48.0,0.98
STU-300439,James Young,2017-10-09,Grade 6,San Isidro Elementary School,Del Pilar,,,,
STU-300471,Lisa Chen,2012-03-13,Grade 1,San Isidro Elementary School,Rizal,73.0,77.0,92.0,0.97
STU-300398,Carrie Watts,2007-07-20,Grade 10,San Isidro Elementary School,Del Pilar,65.0,79.0,69.0,0.91
STU-300592,Rebecca Robinson,2012-09-05,Grade 6,San Isidro Elementary School,San Jose,98.0,73.0,92.0,1.0
STU-300650,Amanda Aguilar,2008-11-19,Grade 1,Poblacion National High School,San Miguel,85.0,83.0,67.0,0.93
STU-300708,Kelsey Graves,2020-12-20,Grade 10,Mabini Integrated School,Del Pilar,77.0,82.0,66.0,0.83
STU-300876,Tyler Barber,2013-07-20,Grade 4,Poblacion National High School,Bagong Silang,95.0,69.0,78.0,0.97
STU-300043,Alyssa Kline,2017-06-24,Grade 6,Mabini Integrated School,Del Pilar,87.0,83.0,81.0,0.85
STU-300261,Emily Gonzalez,2012-08-10,Grade 1,Rizal Elementary School,Maligaya,89.0,86.0,75.0,0.99
STU-300566,Susan Jones,2016-04-24,Grade 10,San Isidro Elementary School,Mabini,75.0,89.0,78.0,0.89
STU-300429,John Perez,2013-08-03,Grade 3,Rizal Elementary School,Del Pilar,61.0,66.0,99.0,0.91
STU-300228,Dustin Fox,2014-06-26,Grade 2,San Isidro Elementary School,San Jose,82.0,100.0,88.0,0.89
STU-300005,Jill Watkins DVM,2014-04-09,Grade 10,Rizal Elementary School,Rizal,71.0,63.0,82.0,0.9
STU-300989,Jason Haas,2006-03-09,Grade 4,Mabini Integrated School,Bayanihan,65.0,70.0,88.0,0.86
STU-300819,Andrea Sanchez,2009-11-17,Grade 2,Mabini Integrated School,Bagong Silang,91.0,87.0,68.0,0.98
STU-300318,Henry Keller,2019-08-01,Grade 2,Mabini Integrated School,Magsaysay,79.0,76.0,78.0,0.91
STU-300880,Travis Peterson,2014-11-05,Grade 8,Mabini Integrated School,San Isidro,95.0,76.0,100.0,0.89
STU-300312,Mark Smith,2021-01-13,Grade 6,San Isidro Elementary School,Rizal,,,,
STU-300075,Christina Miller,2008-12-12,Grade 1,Poblacion National High School,Del Pilar,77.0,98.0,88.0,0.9
STU-300173,Steven Peterson,2020-03-06,Grade 1,Poblacion National High School,Magsaysay,87.0,84.0,68.0,0.98
STU-300841,Andre Harper,2006-11-21,Grade 9,Rizal Elementary School,Mabini,78.0,89.0,60.0,0.87
STU-300051,Charles Thomas,2012-09-07,Grade 2,San Isidro Elementary School,Del Pilar,86.0,76.0,72.0,0.86
STU-300551,Mary Woodard,2015-07-04,Grade 4,Rizal Elementary School,San Miguel,70.0,67.0,62.0,0.89
STU-300796,Felicia Goodwin,2014-12-07,Grade 9,Mabini Integrated School,San Miguel,66.0,84.0,83.0,0.87
STU-300487,Bobby Liu,2014-09-03,Grade 9,Rizal Elementary School,Mabini,95.0,82.0,77.0,0.96
STU-300220,Ashley Wolfe,2008-04-01,Grade 3,San Isidro Elementary School,San Miguel,73.0,83.0,80.0,0.92
STU-300508,Dr. Amber Harris,2011-08-23,Grade 6,Mabini Integrated School,San Isidro,79.0,100.0,79.0,0.98
STU-300585,Donald Campbell,2019-04-09,Grade 8,San Isidro Elementary School,Sta. Cruz,72.0,93.0,61.0,0.91
STU-300387,Joyce Holmes,2013-07-05,Grade 5,Rizal Elementary School,Bayanihan,57.0,97.0,73.0,0.86
STU-300093,Michael Love,2015-10-09,Grade 8,Poblacion National High School,San Miguel,632.0,648.0,624.0,7.36
STU-300148,Robert Harvey,2016-04-07,Grade 6,Mabini Integrated School,Maligaya,81.0,79.0,79.0,0.95
STU-300482,James Trujillo,2017-02-20,Grade 7,Rizal Elementary School,Mabini,96.0,82.0,86.0,0.91
STU-300852,Ryan Jones,2005-12-21,Grade 1,Poblacion National High School,Rizal,80.0,78.0,68.0,0.89
STU-300249,Harry Pham,2008-03-25,Grade 8,Mabini Integrated School,Mabini,78.0,81.0,84.0,0.94
STU-300340,Jesse Perez,2008-06-05,Grade 8,Mabini Integrated School,Del Pilar,99.0,82.0,88.0,0.97
STU-300808,Brian Harmon,2017-12-11,Grade 10,Mabini Integrated School,Bayanihan,81.0,94.0,84.0,0.9
STU-300200,Donald Nelson,2006-08-22,Grade 1,Poblacion National High School,Magsaysay,95.0,84.0,74.0,0.94
STU-300091,Jose Rivera,2013-08-21,Grade 3,Mabini Integrated School,San Miguel,71.0,70.0,79.0,0.92
STU-300540,David Moore,2019-08-20,Grade 8,Mabini Integrated School,Del Pilar,80.0,78.0,85.0,0.85
STU-300442,Walter Valdez,2005-12-09,Grade 8,Rizal Elementary School,Mabini,79.0,88.0,75.0,0.93
STU-300985,Angela Cook,2016-06-24,Grade 4,San Isidro Elementary School,Rizal,83.0,93.0,82.0,0.8
STU-300280,Ryan Barker,2013-10-03,Grade 8,Rizal Elementary School,Sta. Cruz,,,,
STU-300410,Amber Evans,2012-05-31,Grade 4,Rizal Elementary School,Bayanihan,78.0,90.0,77.0,1.0
STU-300864,Jose Young,2014-05-24,Grade 6,Rizal Elementary School,Del Pilar,69.0,68.0,73.0,0.96
STU-300568,Jennifer Arellano,2007-10-08,Grade 8,San Isidro Elementary School,San Jose,64.0,84.0,93.0,0.82
STU-300615,Barbara Dougherty,2019-06-25,Grade 5,Mabini Integrated School,Poblacion,85.0,80.0,72.0,0.91
STU-300926,Grace Jones,2014-08-17,Grade 1,Mabini Integrated School,Bayanihan,79.0,88.0,82.0,0.88
STU-300335,Aimee Warner,2006-08-20,Grade 6,Poblacion National High School,Magsaysay,75.0,77.0,89.0,0.94
STU-300871,Austin Nelson,2013-03-14,Grade 9,San Isidro Elementary School,San Isidro,69.0,87.0,51.0,0.89
STU-300857,Linda Austin,2009-06-11,Grade 6,Rizal Elementary School,Poblacion,64.0,67.0,74.0,0.92
STU-300923,Hunter Warner,2014-02-11,Grade 5,Mabini Integrated School,Del Pilar,93.0,64.0,84.0,0.86
STU-300506,Scott Carter,2013-01-29,Grade 8,Poblacion National High School,Bayanihan,91.0,82.0,77.0,0.85
STU-300752,Jeffrey Lee,2018-07-23,Grade 10,Poblacion National High School,Poblacion,58.0,85.0,60.0,0.85
STU-300759,Jessica Perry,2017-03-05,Grade 10,San Isidro Elementary School,Bagong Silang,90.0,75.0,70.0,0.89
STU-300092,Zoe Sharp,2006-08-12,Grade 8,Rizal Elementary School,Mabini,57.0,82.0,92.0,0.87
STU-300742,David Martin,2010-06-20,Grade 1,Rizal Elementary School,Bayanihan,69.0,83.0,64.0,1.0
STU-300845,Sydney Reynolds,2009-08-02,Grade 5,Rizal Elementary School,Bayanihan,89.0,73.0,84.0,0.91
STU-300905,Eric Arnold,2016-12-14,Grade 8,Rizal Elementary School,San Jose,100.0,73.0,85.0,0.94
STU-300911,Andrea Warren,2015-05-19,Grade 1,San Isidro Elementary School,Poblacion,90.0,71.0,95.0,0.89
STU-300575,Jennifer Winters,2012-03-24,Grade 3,Mabini Integrated School,San Miguel,79.0,85.0,80.0,0.94
STU-300573,Sean Deleon DVM,2009-03-08,Grade 3,Rizal Elementary School,Poblacion,88.0,66.0,75.0,0.88
STU-300278,Deanna Webster,2009-10-24,Grade 1,Poblacion National High School,San Isidro,75.0,80.0,85.0,0.97
STU-300279,Elaine Bartlett,2014-12-24,Grade 6,San Isidro Elementary School,Maligaya,62.0,74.0,88.0,0.89
STU-300337,David Goodman,2006-07-22,Grade 3,San Isidro Elementary School,San Jose,68.0,83.0,70.0,0.9
STU-300227,Teresa Mcdonald,2017-10-08,Grade 2,San Isidro Elementary School,Maligaya,76.0,99.0,64.0,0.92
STU-300008,Thomas Stone,2016-11-27,Grade 2,Poblacion National High School,Poblacion,72.0,82.0,74.0,1.0
STU-300085,Karen Howard,2015-11-29,Grade 7,San Isidro Elementary School,San Isidro,83.0,82.0,67.0,0.94
STU-300903,Marilyn Quinn,2014-08-19,Grade 9,San Isidro Elementary School,San Isidro,66.0,100.0,77.0,0.91
STU-300616,John Reeves,2010-07-05,Grade 9,Poblacion National High School,Poblacion,71.0,81.0,64.0,0.91
STU-300810,Richard Daniel,2020-07-17,Grade 3,Rizal Elementary School,San Jose,74.0,86.0,69.0,0.96
STU-300840,Taylor Riley DDS,2015-01-31,Grade 5,San Isidro Elementary School,Mabini,85.0,73.0,59.0,0.89
STU-300096,Nicholas Wilson,2016-09-22,Grade 5,Mabini Integrated School,San Isidro,,,,
STU-300341,Misty Fisher,2009-10-13,Grade 8,Rizal Elementary School,Bayanihan,87.0,84.0,74.0,0.84
STU-300121,Javier Fernandez,2005-06-29,Grade 7,Poblacion National High School,San Miguel,76.0,72.0,69.0,0.95
STU-300156,Timothy Landry,2017-05-12,Grade 5,Poblacion National High School,Bagong Silang,62.0,89.0,72.0,0.85
STU-300751,Jake Burnett,2007-09-12,Grade 10,Mabini Integrated School,Sta. Cruz,62.0,79.0,82.0,0.93
STU-300754,Regina Griffith,2006-07-26,Grade 5,Rizal Elementary School,Magsaysay,73.0,68.0,72.0,0.88
STU-300681,Alexander Villarreal,2015-02-20,Grade 8,Rizal Elementary School,Bagong Silang,83.0,71.0,83.0,0.94
STU-300470,Kenneth Bradley,2020-12-27,Grade 8,Poblacion National High School,San Miguel,82.0,96.0,99.0,0.99
STU-300557,Matthew Cordova,2010-10-05,Grade 5,Mabini Integrated School,Maligaya,632.0,648.0,624.0,7.36
STU-300293,Lauren Cummings,2018-09-04,Grade 7,Poblacion National High School,San Jose,77.0,94.0,89.0,0.93
STU-300822,Tyler Anderson,2018-01-03,Grade 1,Rizal Elementary School,Bayanihan,81.0,79.0,64.0,0.85
STU-300745,Candace Brock,2011-11-20,Grade 2,Rizal Elementary School,Rizal,84.0,82.0,79.0,0.92
STU-300164,Terry Schneider,2010-12-23,Grade 9,Rizal Elementary School,Sta. Cruz,86.0,73.0,73.0,0.96
STU-300746,Michael Brooks,2020-03-22,Grade 5,Poblacion National High School,Poblacion,70.0,87.0,89.0,0.9
STU-300282,Gregory Salinas,2009-02-28,Grade 6,San Isidro Elementary School,San Isidro,85.0,82.0,90.0,0.92
STU-300364,Christopher Brewer,2008-06-14,Grade 1,Mabini Integrated School,San Jose,73.0,89.0,68.0,0.88
STU-300310,Lindsey Taylor,2013-10-15,Grade 10,Poblacion National High School,Bayanihan,88.0,69.0,72.0,0.99
STU-300510,Mr. Christopher Gardner,2015-08-05,Grade 9,Rizal Elementary School,Bayanihan,88.0,76.0,80.0,0.97
STU-300179,Joseph Johnson,2010-12-04,Grade 7,Mabini Integrated School,Mabini,72.0,84.0,89.0,0.91
STU-300069,Angela Stein,2007-12-29,Grade 6,Poblacion National High School,Del Pilar,79.0,73.0,63.0,0.84
STU-300934,Jesus Terry,2008-04-30,Grade 3,Mabini Integrated School,Poblacion,71.0,97.0,75.0,0.95
STU-300895,Logan Brown,2015-08-25,Grade 6,Rizal Elementary School,Magsaysay,87.0,69.0,70.0,0.89
STU-300687,Randall Phillips,2008-07-22,Grade 10,Rizal Elementary School,Poblacion,,,,
STU-300960,Christina Lamb,2016-11-25,Grade 1,Poblacion National High School,Maligaya,71.0,78.0,66.0,1.0
STU-300058,Kelly Dodson,2007-05-05,Grade 10,Rizal Elementary School,Maligaya,98.0,90.0,86.0,0.83
STU-300884,Linda Huff,2005-09-03,Grade 5,Poblacion National High School,Bayanihan,53.0,53.0,82.0,0.94
STU-300999,Amanda Moore,2007-11-28,Grade 7,San Isidro Elementary School,San Miguel,77.0,64.0,87.0,0.97
STU-300956,Ashlee Robinson,2018-04-11,Grade 7,Mabini Integrated School,Maligaya,100.0,91.0,84.0,0.99
STU-300265,Ricky Kramer,2017-07-27,Grade 2,Rizal Elementary School,San Isidro,78.0,69.0,78.0,0.93
STU-300768,Kevin Hall,2008-03-06,Grade 10,Poblacion National High School,Maligaya,75.0,79.0,70.0,1.0
STU-300800,Albert Green,2009-08-31,Grade 4,San Isidro Elementary School,Bayanihan,90.0,75.0,80.0,0.86
STU-300380,Krista Bennett,2015-11-28,Grade 6,Rizal Elementary School,Bagong Silang,92.0,81.0,78.0,0.92
STU-300604,Krystal Jones DVM,2012-05-18,Grade 10,Poblacion National High School,Magsaysay,97.0,72.0,71.0,0.91
STU-300684,Mary Harper,2017-04-29,Grade 6,Poblacion National High School,Rizal,74.0,77.0,75.0,0.9
STU-300794,Mrs. Maria Brady MD,2017-04-30,Grade 10,Poblacion National High School,Maligaya,62.0,97.0,89.0,0.91
STU-300729,Martin Santos,2012-03-12,Grade 10,Mabini Integrated School,San Jose,76.0,70.0,69.0,0.85
STU-300147,Sue Rodriguez,2011-01-10,Grade 6,Poblacion National High School,Del Pilar,79.0,98.0,71.0,0.96
STU-300251,Stephanie Harris,2012-04-23,Grade 5,Mabini Integrated School,Mabini,63.0,80.0,83.0,0.88
STU-300646,James Dickerson,2009-04-22,Grade 3,San Isidro Elementary School,San Isidro,78.0,73.0,81.0,0.85
STU-300902,Michael Ingram,2020-08-13,Grade 3,Rizal Elementary School,San Miguel,,,,
STU-300212,Ricardo Hancock,2009-04-11,Grade 1,Mabini Integrated School,Maligaya,60.0,90.0,80.0,0.95
STU-300440,Richard Barker,2006-06-08,Grade 5,San Isidro Elementary School,Maligaya,90.0,80.0,74.0,0.98
STU-300878,Logan Brown,2009-06-13,Grade 4,San Isidro Elementary School,Maligaya,82.0,74.0,89.0,0.89
STU-300330,Mr. Keith Aguilar Jr.,2013-02-11,Grade 5,San Isidro Elementary School,San Miguel,69.0,89.0,82.0,0.83
STU-300781,Christopher Hines,2016-09-21,Grade 9,Poblacion National High School,Magsaysay,61.0,92.0,56.0,0.95
STU-300276,James Cole,2010-07-30,Grade 9,Mabini Integrated School,Bayanihan,100.0,90.0,82.0,1.0
STU-300801,Oscar Hawkins,2009-03-15,Grade 10,San Isidro Elementary School,San Isidro,79.0,68.0,100.0,0.8
STU-300787,Stephen Hall,2005-09-11,Grade 7,San Isidro Elementary School,Del Pilar,100.0,74.0,92.0,0.88
STU-300667,Michael Wilson,2012-05-21,Grade 10,Poblacion National High School,Rizal,80.0,79.0,74.0,0.87
STU-300693,Emma Maldonado,2020-01-29,Grade 7,Mabini Integrated School,San Miguel,74.0,92.0,76.0,0.89
STU-300448,Brady Smith,2012-11-11,Grade 6,Rizal Elementary School,Poblacion,65.0,82.0,97.0,0.87
STU-300170,Adam Knox,2016-08-03,Grade 4,San Isidro Elementary School,San Isidro,92.0,72.0,92.0,0.84
STU-300821,Lisa Tapia,2017-08-17,Grade 6,Rizal Elementary School,Poblacion,100.0,73.0,69.0,0.88
STU-300524,Julie King,2014-09-08,Grade 2,Poblacion National High School,San Isidro,61.0,83.0,69.0,0.92
STU-300303,Don Fitzpatrick,2016-06-22,Grade 7,Mabini Integrated School,Bagong Silang,100.0,91.0,57.0,0.99
STU-300487,Bobby Liu,2014-09-03,Grade 9,Rizal Elementary School,Mabini,95.0,82.0,77.0,0.96
STU-300737,Tyler Obrien,2010-04-03,Grade 7,Mabini Integrated School,Mabini,,,,
STU-300832,Emily Martin,2010-08-07,Grade 9,Poblacion National High School,Del Pilar,98.0,81.0,79.0,0.96
STU-300019,Gabrielle Schneider,2012-04-22,Grade 5,Mabini Integrated School,Del Pilar,66.0,78.0,89.0,0.85
STU-300324,Jesse Brown,2007-03-17,Grade 7,Poblacion National High School,San Jose,75.0,88.0,75.0,0.95
STU-300260,Judy Powell,2013-10-01,Grade 3,Rizal Elementary School,Bagong Silang,81.0,72.0,66.0,1.0
STU-300847,Linda Norton,2016-12-23,Grade 1,Poblacion National High School,San Miguel,87.0,92.0,72.0,0.94
STU-300409,Deanna Henderson,2007-02-04,Grade 6,Poblacion National High School,Bagong Silang,73.0,86.0,88.0,0.96
STU-300400,Joseph Mitchell,2015-04-07,Grade 8,Rizal Elementary School,Bagong Silang,77.0,89.0,81.0,0.9
STU-300216,Thomas Jones,2017-02-10,Grade 10,San Isidro Elementary School,Bagong Silang,88.0,81.0,92.0,0.85
STU-300054,Michael Davidson,2012-04-17,Grade 6,San Isidro Elementary School,Del Pilar,81.0,73.0,89.0,0.92
STU-300888,Michael Jordan,2019-12-26,Grade 3,San Isidro Elementary School,Rizal,60.0,61.0,80.0,0.95
STU-300150,Charles Gonzalez,2018-11-12,Grade 8,San Isidro Elementary School,Del Pilar,66.0,69.0,65.0,0.82
STU-300696,Sarah Jordan,2018-07-08,Grade 6,Poblacion National High School,Bayanihan,71.0,87.0,69.0,0.9
STU-300877,Becky Jimenez,2012-01-21,Grade 1,Mabini Integrated School,San Isidro,83.0,84.0,72.0,0.91
STU-300717,Brian Perez,2012-11-06,Grade 6,Mabini Integrated School,Magsaysay,83.0,82.0,66.0,0.96
STU-300704,Heather Whitaker,2012-09-18,Grade 6,Rizal Elementary School,Magsaysay,68.0,79.0,96.0,0.89
STU-300106,Derek Adams,2012-11-01,Grade 3,San Isidro Elementary School,Magsaysay,87.0,78.0,80.0,0.87
STU-300724,Carrie Jones,2005-10-31,Grade 7,Mabini Integrated School,Bagong Silang,84.0,82.0,84.0,0.92
STU-300024,Kevin Washington,2018-07-31,Grade 9,Poblacion National High School,Poblacion,88.0,81.0,79.0,0.95
STU-300915,Allison Lutz,2010-11-24,Grade 3,San Isidro Elementary School,Sta. Cruz,55.0,82.0,81.0,0.94
STU-300533,Tammy Archer,2018-06-30,Grade 5,Rizal Elementary School,Bayanihan,89.0,86.0,79.0,0.76
STU-300817,Ronald Baker,2014-11-08,Grade 7,Mabini Integrated School,Poblacion,93.0,78.0,79.0,0.84
STU-300082,James Taylor,2009-03-02,Grade 10,Poblacion National High School,Mabini,64.0,87.0,82.0,0.98
STU-300842,Sonia Lester,2017-08-01,Grade 9,San Isidro Elementary School,Bayanihan,61.0,67.0,73.0,0.97
STU-300861,Jonathon Baker,2015-01-12,Grade 2,Poblacion National High School,Sta. Cruz,75.0,80.0,60.0,0.97
STU-300613,Patrick Austin,2007-09-10,Grade 8,San Isidro Elementary School,Rizal,84.0,84.0,71.0,0.83
STU-300379,Edward Hayes,2009-08-03,Grade 8,Mabini Integrated School,San Jose,73.0,70.0,72.0,0.91
STU-300076,Julia Hardin,2010-12-13,Grade 6,Rizal Elementary School,Bagong Silang,,,,
STU-300388,Crystal Lopez,2007-02-10,Grade 1,Poblacion National High School,Poblacion,85.0,86.0,91.0,0.9
STU-300406,John Gordon,2006-10-05,Grade 7,Poblacion National High School,Poblacion,85.0,74.0,60.0,0.87
STU-300291,Christine Pham,2017-03-18,Grade 1,Mabini Integrated School,Bagong Silang,79.0,84.0,75.0,0.79
STU-300110,Joseph Wheeler,2019-12-29,Grade 8,Poblacion National High School,Sta. Cruz,90.0,89.0,82.0,0.97
STU-300624,Jacob Serrano,2018-10-05,Grade 6,Mabini Integrated School,Bagong Silang,90.0,71.0,78.0,0.93
STU-300793,Karen Kelly,2020-09-06,Grade 9,Poblacion National High School,San Isidro,66.0,83.0,79.0,0.88
STU-300772,Logan Fleming,2016-04-18,Grade 8,Poblacion National High School,Sta. Cruz,100.0,64.0,69.0,0.99
STU-300246,Betty Brown,2018-03-16,Grade 3,Rizal Elementary School,San Miguel,71.0,95.0,81.0,1.0
STU-300145,Kenneth Morris,2012-11-04,Grade 10,Mabini Integrated School,Poblacion,88.0,87.0,74.0,0.9
STU-300128,Chelsea Strickland,2013-02-02,Grade 9,Poblacion National High School,San Miguel,59.0,69.0,68.0,0.93
STU-300851,William Clay,2005-09-06,Grade 10,Mabini Integrated School,San Isidro,70.0,70.0,60.0,0.81
STU-300622,James Rivera,2020-06-27,Grade 3,San Isidro Elementary School,Maligaya,86.0,81.0,77.0,0.9
STU-300975,Jeffery Gonzales,2009-05-05,Grade 3,Poblacion National High School,San Jose,82.0,91.0,96.0,0.91
STU-300945,Susan Mullen,2018-03-11,Grade 10,Poblacion National High School,Sta. Cruz,83.0,83.0,100.0,0.86
STU-300486,Amy Jones,2014-06-13,Grade 7,Rizal Elementary School,Bagong Silang,89.0,82.0,95.0,0.97
STU-300908,Mary Murray,2008-12-26,Grade 7,Mabini Integrated School,San Miguel,72.0,71.0,89.0,0.93
STU-300090,Vicki Jones,2010-01-20,Grade 8,Mabini Integrated School,Mabini,76.0,96.0,84.0,0.83
STU-300205,Corey Holder,2017-02-06,Grade 3,Rizal Elementary School,Bayanihan,88.0,88.0,95.0,0.99
STU-300979,Lauren Dickson,2018-06-22,Grade 7,Rizal Elementary School,Magsaysay,82.0,66.0,59.0,0.88
STU-300170,Adam Knox,2016-08-03,Grade 4,San Isidro Elementary School,San Isidro,92.0,72.0,92.0,0.84
STU-300918,Dr. Kenneth Adkins MD,2016-08-26,Grade 9,Poblacion National High School,Bagong Silang,80.0,88.0,74.0,0.88
STU-300056,Christopher Lane,2016-06-21,Grade 10,Rizal Elementary School,Bayanihan,69.0,95.0,96.0,0.79
STU-300404,Dr. Amanda Becker,2014-03-18,Grade 4,San Isidro Elementary School,Del Pilar,77.0,78.0,78.0,0.93
STU-300241,Cindy Holland,2006-01-31,Grade 10,Rizal Elementary School,Bagong Silang,91.0,77.0,89.0,1.0
STU-300599,Charles Lopez,2010-12-01,Grade 6,Poblacion National High School,Maligaya,80.0,82.0,81.0,0.95
STU-300346,Lisa Huber,2012-05-01,Grade 6,Mabini Integrated School,Maligaya,,,,
STU-300097,Donald Flowers,2016-06-05,Grade 7,Rizal Elementary School,Rizal,77.0,79.0,80.0,0.85
STU-300116,Jerry White,2014-07-22,Grade 5,Rizal Elementary School,Sta. Cruz,73.0,78.0,90.0,0.84
STU-300201,Heather Peterson,2007-03-30,Grade 10,Poblacion National High School,Sta. Cruz,68.0,80.0,93.0,0.88
STU-300887,Derek Garcia,2011-09-02,Grade 10,Rizal Elementary School,San Jose,72.0,76.0,78.0,0.89
STU-300479,Nicholas Foster,2012-07-15,Grade 2,Poblacion National High School,Bagong Silang,77.0,84.0,74.0,0.95
STU-300323,Ricardo Martinez,2010-09-19,Grade 9,San Isidro Elementary School,Maligaya,70.0,79.0,80.0,0.98
STU-300193,Daniel Morrison,2006-04-24,Grade 9,Mabini Integrated School,San Isidro,100.0,80.0,74.0,0.81
STU-300443,Sabrina Keith,2012-06-10,Grade 6,Mabini Integrated School,San Isidro,83.0,92.0,92.0,0.87
STU-300815,Scott Campbell,2020-07-18,Grade 6,Poblacion National High School,San Miguel,86.0,72.0,63.0,0.98
STU-300454,Morgan Levine,2007-04-21,Grade 9,Poblacion National High School,Sta. Cruz,62.0,77.0,62.0,0.87
STU-300528,Toni Lopez,2012-03-12,Grade 4,Mabini Integrated School,San Isidro,80.0,73.0,91.0,0.94
STU-300805,Susan Lambert,2005-12-05,Grade 8,Poblacion National High School,Mabini,58.0,95.0,100.0,0.99
STU-300550,Lisa Moore,2016-11-13,Grade 5,Rizal Elementary School,San Isidro,72.0,84.0,91.0,0.93
STU-300818,Victor Morris,2020-08-06,Grade 9,San Isidro Elementary School,Magsaysay,76.0,81.0,73.0,0.97
STU-300542,Thomas Thomas,2008-04-14,Grade 8,San Isidro Elementary School,Rizal,77.0,81.0,70.0,0.88
STU-300993,Danny Edwards,2020-04-30,Grade 5,Poblacion National High School,Rizal,87.0,58.0,78.0,0.93
STU-300296,Shannon Holmes,2017-03-16,Grade 2,Rizal Elementary School,Bayanihan,72.0,70.0,91.0,0.9
STU-300893,Chloe Simpson,2009-04-24,Grade 6,Poblacion National High School,Maligaya,81.0,91.0,85.0,1.0
STU-300601,Kenneth Herrera,2010-02-03,Grade 8,Poblacion National High School,San Miguel,,,,
STU-300824,Crystal Miller,2009-06-30,Grade 9,Poblacion National High School,Bagong Silang,95.0,93.0,81.0,0.8
STU-300395,Richard Burns,2016-09-22,Grade 2,Poblacion National High School,Mabini,77.0,75.0,78.0,0.86
STU-300426,Wayne Wallace,2020-08-20,Grade 8,San Isidro Elementary School,San Isidro,63.0,71.0,94.0,0.89
STU-300820,Justin Taylor,2015-06-27,Grade 2,Rizal Elementary School,Bayanihan,65.0,78.0,59.0,0.82
STU-300559,Patricia Coleman PhD,2018-07-01,Grade 4,Mabini Integrated School,Sta. Cruz,87.0,85.0,73.0,0.98
STU-300525,Christian Anthony,2019-10-20,Grade 2,San Isidro Elementary School,Poblacion,91.0,80.0,66.0,0.88
STU-300969,Carolyn Foster,2011-09-11,Grade 7,Poblacion National High School,Sta. Cruz,88.0,87.0,91.0,0.9
STU-300014,Tracey Gallagher,2016-09-07,Grade 4,San Isidro Elementary School,Magsaysay,100.0,88.0,87.0,0.9
STU-300252,Matthew Ford,2017-05-02,Grade 3,San Isidro Elementary School,San Isidro,67.0,77.0,59.0,0.92
STU-300238,Oscar Gray,2011-08-10,Grade 7,Rizal Elementary School,Del Pilar,70.0,100.0,87.0,0.9
STU-300120,Scott Webster,2021-02-19,Grade 5,Mabini Integrated School,Bayanihan,72.0,86.0,56.0,1.0
STU-300285,David Knox,2021-01-01,Grade 6,Rizal Elementary School,San Isidro,98.0,81.0,80.0,0.85
STU-300554,Hailey Gibbs,2011-10-22,Grade 9,San Isidro Elementary School,Del Pilar,85.0,72.0,59.0,0.9
STU-300196,Matthew Miller,2011-11-14,Grade 6,San Isidro Elementary School,Del Pilar,64.0,83.0,60.0,0.99
STU-300345,Robert Bradford,2017-05-01,Grade 6,Poblacion National High School,Magsaysay,80.0,73.0,88.0,0.9
STU-300545,Michael Fuller,2016-06-09,Grade 8,Rizal Elementary School,San Isidro,65.0,69.0,60.0,0.87
STU-300250,Theresa Crane,2015-09-26,Grade 4,San Isidro Elementary School,Del Pilar,632.0,648.0,624.0,7.36
STU-300933,Lori Wilson,2012-01-02,Grade 3,Mabini Integrated School,Maligaya,84.0,89.0,78.0,0.84
STU-300645,Laurie Arnold,2020-04-17,Grade 10,Poblacion National High School,San Isidro,76.0,100.0,85.0,0.91
STU-300829,Kristin Rodriguez,2019-03-12,Grade 6,Mabini Integrated School,Maligaya,79.0,86.0,82.0,0.88
STU-300412,Patrick Hansen,2012-06-24,Grade 2,San Isidro Elementary School,Sta. Cruz,80.0,100.0,79.0,0.98
STU-300485,Jamie Long,2015-02-05,Grade 8,Rizal Elementary School,San Isidro,59.0,91.0,82.0,0.98
STU-300430,Olivia Mitchell,2017-05-26,Grade 7,San Isidro Elementary School,Bayanihan,94.0,100.0,70.0,0.9
STU-300792,Sarah Rogers,2018-07-22,Grade 9,Rizal Elementary School,San Isidro,65.0,79.0,65.0,0.85
STU-300766,Douglas Mullins,2019-05-07,Grade 8,Poblacion National High School,Rizal,85.0,65.0,52.0,0.96
STU-300290,Bryce Diaz,2010-06-03,Grade 7,Poblacion National High School,San Miguel,75.0,70.0,100.0,0.93
STU-300016,Sarah Cowan,2021-02-03,Grade 7,San Isidro Elementary School,Rizal,90.0,88.0,68.0,0.9
STU-300158,Timothy Solomon,2011-09-04,Grade 5,Mabini Integrated School,Sta. Cruz,72.0,88.0,75.0,0.94
STU-300243,Megan Sanchez,2014-09-20,Grade 2,Mabini Integrated School,San Miguel,89.0,97.0,72.0,0.93
STU-300066,Amanda Paul,2007-10-23,Grade 1,Rizal Elementary School,Maligaya,77.0,96.0,68.0,0.86
STU-300924,Melissa Sheppard,2017-09-11,Grade 3,Poblacion National High School,San Isidro,,,,
STU-300359,Jeffrey Richardson DVM,2013-06-01,Grade 10,Mabini Integrated School,San Miguel,100.0,78.0,84.0,0.9
STU-300952,David Ward PhD,2006-10-08,Grade 6,Mabini Integrated School,San Miguel,60.0,82.0,84.0,0.89
STU-300631,Christopher Stanley,2018-06-21,Grade 4,Mabini Integrated School,Bagong Silang,73.0,77.0,82.0,0.9
STU-300504,Sara Carter,2018-11-09,Grade 8,San Isidro Elementary School,Mabini,54.0,81.0,69.0,0.94
STU-300472,Angelica Mercer,2010-05-04,Grade 7,Poblacion National High School,Bayanihan,86.0,76.0,84.0,0.89
STU-300963,Jamie Sanchez,2009-12-06,Grade 7,Poblacion National High School,Bagong Silang,80.0,82.0,77.0,0.87
STU-300577,Steven Lee,2010-01-01,Grade 1,San Isidro Elementary School,Bagong Silang,73.0,87.0,88.0,0.93
STU-300981,Steven Mendoza,2012-08-31,Grade 1,Mabini Integrated School,Sta. Cruz,94.0,67.0,78.0,0.99
STU-300521,Melissa Soto,2019-05-25,Grade 2,Poblacion National High School,Bayanihan,,,,
STU-300874,Matthew Davis,2017-06-21,Grade 5,San Isidro Elementary School,Sta. Cruz,75.0,81.0,86.0,0.89
STU-300530,Michael Washington,2006-06-07,Grade 1,Rizal Elementary School,San Isidro,88.0,85.0,81.0,0.95
STU-300408,Jason Carlson,2012-02-03,Grade 5,Poblacion National High School,Rizal,77.0,79.0,68.0,0.88
STU-300665,Aaron Koch,2015-05-14,Grade 7,Mabini Integrated School,San Miguel,68.0,55.0,82.0,0.88
STU-300872,Jennifer Quinn,2016-05-28,Grade 3,Rizal Elementary School,Bagong Silang,97.0,70.0,83.0,0.84
STU-300432,Tim Peterson,2015-04-04,Grade 1,Rizal Elementary School,Magsaysay,84.0,74.0,68.0,0.81
STU-300431,Melinda Lowe,2016-06-28,Grade 5,Mabini Integrated School,Maligaya,90.0,88.0,80.0,0.92
STU-300484,Jason Williams,2015-06-19,Grade 6,Poblacion National High School,Maligaya,83.0,80.0,72.0,0.91
STU-300151,Kayla Thompson,2019-04-12,Grade 9,Poblacion National High School,San Jose,63.0,97.0,83.0,0.93
STU-300327,Jane Smith,2019-05-25,Grade 7,Poblacion National High School,Sta. Cruz,93.0,84.0,86.0,1.0
STU-300256,Chad Garcia,2011-12-30,Grade 3,Poblacion National High School,Sta. Cruz,93.0,62.0,86.0,0.87
STU-300311,David Valdez,2008-04-28,Grade 4,San Isidro Elementary School,Poblacion,59.0,60.0,68.0,0.84
STU-300804,Tina Roberts,2006-10-17,Grade 7,Rizal Elementary School,Poblacion,89.0,93.0,72.0,0.89
STU-300304,John Brown,2019-10-25,Grade 1,San Isidro Elementary School,Magsaysay,86.0,76.0,61.0,0.93
STU-300784,Deborah Jones,2012-10-21,Grade 4,Poblacion National High School,San Jose,76.0,70.0,76.0,0.91
STU-300413,Richard Torres,2008-12-14,Grade 5,Rizal Elementary School,Magsaysay,86.0,87.0,68.0,0.94
STU-300133,David Garcia,2010-01-28,Grade 7,Rizal Elementary School,San Jose,93.0,91.0,63.0,0.89
STU-300031,Sarah Mcgee,2017-04-21,Grade 9,Mabini Integrated School,San Isidro,78.0,85.0,81.0,1.0
STU-300765,Amanda Norton,2015-02-26,Grade 2,Mabini Integrated School,San Isidro,70.0,82.0,64.0,0.94
STU-300782,Jeremy Sherman,2017-02-21,Grade 8,San Isidro Elementary School,Poblacion,95.0,79.0,69.0,0.91
STU-300458,Joseph Moody,2010-05-04,Grade 4,Poblacion National High School,Mabini,95.0,87.0,73.0,1.0
STU-300161,John Torres,2015-09-08,Grade 8,Rizal Elementary School,Rizal,87.0,75.0,80.0,0.99
STU-300339,Kurt Rojas,2011-11-25,Grade 10,San Isidro Elementary School,San Jose,70.0,71.0,99.0,0.95
STU-300286,Jillian Moyer,2006-04-08,Grade 7,Rizal Elementary School,San Miguel,82.0,79.0,82.0,0.98
STU-300248,Jacqueline Alexander,2009-05-28,Grade 1,Rizal Elementary School,Sta. Cruz,74.0,92.0,85.0,1.0
STU-300939,Jessica Hickman,2021-01-08,Grade 5,Rizal Elementary School,Mabini,100.0,77.0,92.0,0.93
STU-300579,Lauren Wyatt,2019-11-13,Grade 9,Rizal Elementary School,Maligaya,87.0,82.0,80.0,0.92
STU-300836,Beth Williams,2017-01-09,Grade 4,Mabini Integrated School,Sta. Cruz,85.0,95.0,89.0,0.98
STU-300936,Jennifer Young,2015-09-10,Grade 4,San Isidro Elementary School,Rizal,88.0,65.0,97.0,0.88
STU-300001,Carolyn Johnson,2017-04-25,Grade 2,Mabini Integrated School,Del Pilar,83.0,78.0,82.0,0.83
STU-300736,Christy Johnson,2006-11-01,Grade 9,Mabini Integrated School,Del Pilar,77.0,81.0,78.0,1.0
STU-300207,Melvin Stout,2006-05-15,Grade 4,Mabini Integrated School,San Jose,92.0,85.0,90.0,0.98
STU-300629,Monica Chapman,2018-09-18,Grade 1,San Isidro Elementary School,Bagong Silang,66.0,82.0,99.0,0.96
STU-300932,William Griffin,2013-12-12,Grade 3,San Isidro Elementary School,San Miguel,75.0,82.0,69.0,0.95
STU-300850,Lynn Jackson,2010-06-27,Grade 5,Mabini Integrated School,Poblacion,80.0,77.0,78.0,0.87
STU-300897,Scott Mcdonald Jr.,2018-11-05,Grade 3,Rizal Elementary School,Rizal,100.0,75.0,87.0,0.87
STU-300264,Lisa Ross,2013-11-13,Grade 1,San Isidro Elementary School,Del Pilar,72.0,76.0,59.0,1.0
STU-300274,Cynthia Salas,2020-10-28,Grade 4,Poblacion National High School,San Isidro,62.0,80.0,88.0,0.87
STU-300070,Alexander Lee,2013-09-29,Grade 8,Rizal Elementary School,Maligaya,82.0,76.0,75.0,0.92
STU-300640,Melissa Cortez,2020-06-30,Grade 1,Poblacion National High School,Sta. Cruz,81.0,77.0,80.0,0.92
STU-300444,Allison Ward,2014-12-06,Grade 7,San Isidro Elementary School,Maligaya,70.0,100.0,77.0,0.96
STU-300846,Nicholas Diaz,2006-06-20,Grade 5,Mabini Integrated School,Bagong Silang,87.0,80.0,65.0,0.85
STU-300098,Sarah Walker,2011-01-26,Grade 7,Poblacion National High School,Bayanihan,86.0,77.0,75.0,0.84
STU-300865,Katelyn Brown,2009-02-27,Grade 3,San Isidro Elementary School,San Miguel,87.0,65.0,65.0,0.92
STU-300021,Brianna Brown,2018-09-09,Grade 5,Poblacion National High School,Poblacion,87.0,76.0,77.0,0.93
STU-300705,Carly Young,2013-08-24,Grade 4,Poblacion National High School,San Jose,63.0,72.0,69.0,0.89
STU-300414,Jane Bradford,2014-12-07,Grade 3,Rizal Elementary School,Bayanihan,76.0,76.0,70.0,0.95
STU-300517,Colin Carr,2007-04-01,Grade 6,Poblacion National High School,San Miguel,72.0,94.0,73.0,1.0
STU-300149,Jaclyn Morris,2014-10-16,Grade 9,Poblacion National High School,Maligaya,79.0,73.0,79.0,0.95
STU-300647,David Ponce,2010-08-30,Grade 5,Poblacion National High School,Bagong Silang,82.0,82.0,75.0,0.94
STU-300354,Jacob Mcconnell,2007-12-19,Grade 7,San Isidro Elementary School,Del Pilar,76.0,70.0,58.0,0.88
STU-300950,Dustin James,2017-03-14,Grade 3,San Isidro Elementary School,Del Pilar,60.0,70.0,87.0,0.92
STU-300052,Rachael Martinez,2015-07-07,Grade 4,San Isidro Elementary School,Magsaysay,58.0,100.0,71.0,0.86
STU-300198,Jacob Yoder,2019-04-18,Grade 4,Poblacion National High School,San Miguel,,,,
STU-300122,Andrew Kim,2015-12-02,Grade 6,Rizal Elementary School,Bagong Silang,59.0,77.0,61.0,0.94
STU-300203,Robert Ramirez,2018-06-01,Grade 9,Rizal Elementary School,San Jose,63.0,80.0,68.0,0.95
STU-300067,Ashley Williams,2013-05-31,Grade 6,Rizal Elementary School,Bayanihan,85.0,90.0,62.0,0.83
STU-300223,Jennifer Callahan,2006-09-14,Grade 4,Poblacion National High School,Poblacion,99.0,75.0,81.0,0.88
STU-300127,Robert Schwartz,2016-11-11,Grade 6,Rizal Elementary School,Del Pilar,80.0,72.0,100.0,0.98
STU-300655,Justin Alexander,2018-06-21,Grade 7,Mabini Integrated School,Mabini,72.0,74.0,88.0,0.92
STU-300139,Andrea Horne,2010-10-27,Grade 10,Mabini Integrated School,San Isidro,,,,
STU-300417,Nathan Garza,2015-02-11,Grade 4,Poblacion National High School,Maligaya,58.0,72.0,60.0,0.97
STU-300218,Savannah Brown,2008-05-24,Grade 1,Poblacion National High School,Mabini,100.0,88.0,94.0,0.86
STU-300546,Jaime Estrada,2008-11-11,Grade 9,Rizal Elementary School,Mabini,87.0,66.0,80.0,0.94
STU-300157,Dr. Dennis Robinson DDS,2008-02-04,Grade 5,Poblacion National High School,San Miguel,77.0,78.0,85.0,0.89
STU-300094,Sarah Rocha,2015-10-21,Grade 10,San Isidro Elementary School,Bagong Silang,77.0,83.0,87.0,1.0
STU-300255,Mary Armstrong,2010-01-11,Grade 5,Rizal Elementary School,San Isidro,97.0,75.0,92.0,0.91
STU-300987,Robert Farrell,2013-03-19,Grade 8,San Isidro Elementary School,Rizal,99.0,80.0,81.0,0.89
STU-300643,Jeffrey Butler,2013-01-02,Grade 6,Mabini Integrated School,Poblacion,77.0,70.0,90.0,0.89
STU-300738,Kenneth Jackson,2013-01-17,Grade 9,San Isidro Elementary School,Del Pilar,85.0,84.0,77.0,0.99
STU-300039,Stacy Spence,2012-01-25,Grade 3,Rizal Elementary School,Bayanihan,89.0,69.0,66.0,0.98
STU-300130,Tyrone Wood,2010-09-09,Grade 10,Mabini Integrated School,Maligaya,81.0,81.0,57.0,0.99
STU-300094,Sarah Rocha,2015-10-21,Grade 10,San Isidro Elementary School,Bagong Silang,77.0,83.0,87.0,1.0
STU-300189,Heather Cook,2009-12-23,Grade 1,Poblacion National High School,Mabini,100.0,85.0,60.0,0.89
STU-300959,Jennifer Reilly,2016-12-21,Grade 8,Poblacion National High School,Rizal,70.0,89.0,69.0,0.9
STU-300589,Timothy Price,2007-07-24,Grade 3,Mabini Integrated School,San Isidro,73.0,90.0,92.0,0.93
STU-300402,David Sullivan,2020-02-19,Grade 1,Mabini Integrated School,Del Pilar,78.0,75.0,83.0,0.98
STU-300760,Brian Potts,2009-04-23,Grade 10,Rizal Elementary School,Maligaya,96.0,82.0,77.0,1.0
STU-300038,Jennifer Hensley,2015-01-20,Grade 5,Rizal Elementary School,Poblacion,72.0,81.0,92.0,0.82
STU-300242,Natalie Smith,2020-10-09,Grade 10,Mabini Integrated School,San Jose,84.0,76.0,77.0,0.88
STU-300353,Jessica White,2019-04-03,Grade 5,San Isidro Elementary School,San Jose,81.0,79.0,66.0,0.87
STU-300620,Charlotte Tapia,2020-04-20,Grade 10,Poblacion National High School,Mabini,96.0,64.0,81.0,0.89
STU-300650,Amanda Aguilar,2008-11-19,Grade 1,Poblacion National High School,San Miguel,85.0,83.0,67.0,0.93
STU-300534,Ashley Klein,2016-12-07,Grade 1,San Isidro Elementary School,Poblacion,75.0,86.0,53.0,0.85
STU-300503,Meagan Aguilar,2016-07-14,Grade 2,Mabini Integrated School,Sta. Cruz,74.0,100.0,68.0,0.89
STU-300159,Gregory Dougherty,2013-06-25,Grade 2,Poblacion National High School,Magsaysay,76.0,76.0,69.0,0.99
STU-300394,Jessica Mooney,2010-01-31,Grade 4,Poblacion National High School,Poblacion,99.0,99.0,80.0,0.95
STU-300537,Edward Acosta,2007-03-22,Grade 3,Poblacion National High School,San Isidro,60.0,92.0,88.0,0.92
STU-300695,John Lara,2019-05-14,Grade 1,Rizal Elementary School,Maligaya,87.0,80.0,85.0,0.87
STU-300240,Beth Martin,2009-06-29,Grade 6,Poblacion National High School,San Isidro,79.0,72.0,96.0,0.95
STU-300013,Margaret Bradshaw,2012-02-15,Grade 4,San Isidro Elementary School,San Miguel,79.0,72.0,95.0,0.99
STU-300657,Jacob Davis,2014-10-04,Grade 9,Mabini Integrated School,Sta. Cruz,66.0,69.0,90.0,0.91
STU-300475,William Hale,2013-02-01,Grade 8,Rizal Elementary School,San Jose,79.0,70.0,94.0,0.93
STU-300912,Lynn Guerrero,2013-04-14,Grade 8,Poblacion National High School,Bayanihan,85.0,90.0,100.0,0.99
STU-300883,Robert Rios,2013-01-30,Grade 5,Rizal Elementary School,Maligaya,,,,
STU-300314,Vincent Vincent,2008-04-26,Grade 6,Rizal Elementary School,Magsaysay,75.0,84.0,76.0,0.96
STU-300361,David Rodriguez,2018-01-09,Grade 9,Poblacion National High School,San Isidro,68.0,88.0,90.0,0.91
STU-300590,James Andrade,2015-10-08,Grade 2,Poblacion National High School,Poblacion,76.0,77.0,68.0,0.95
STU-300320,John Allen,2015-06-20,Grade 5,Rizal Elementary School,Magsaysay,65.0,82.0,73.0,0.79
STU-300921,Olivia Foley,2016-04-18,Grade 1,Mabini Integrated School,Rizal,97.0,73.0,75.0,0.87
STU-300886,Kathryn Bartlett,2013-04-10,Grade 2,Rizal Elementary School,Del Pilar,64.0,82.0,90.0,0.94
STU-300672,Fernando Craig,2009-02-02,Grade 3,Mabini Integrated School,Del Pilar,59.0,82.0,70.0,0.94
STU-300564,Lisa Wong,2009-02-05,Grade 3,Rizal Elementary School,San Miguel,86.0,67.0,91.0,0.9
STU-300355,Erin Hernandez,2018-03-16,Grade 4,Rizal Elementary School,Poblacion,77.0,78.0,56.0,0.92
STU-300034,Mark Turner,2012-05-10,Grade 3,Poblacion National High School,San Jose,87.0,90.0,89.0,0.91
STU-300334,Sarah Mccormick,2005-09-09,Grade 2,Mabini Integrated School,San Isidro,63.0,84.0,79.0,0.87
STU-300688,Phillip Snyder,2006-09-16,Grade 10,Poblacion National High School,Bagong Silang,67.0,75.0,56.0,0.89
STU-300376,Brendan Johnson PhD,2007-07-20,Grade 8,San Isidro Elementary School,Bayanihan,68.0,91.0,79.0,0.97
STU-300184,Anthony Romero,2015-12-08,Grade 10,Mabini Integrated School,Sta. Cruz,81.0,71.0,71.0,0.93
STU-300823,William White,2013-12-30,Grade 5,Poblacion National High School,Maligaya,81.0,80.0,75.0,0.96
STU-300423,Jacob Lane,2013-01-19,Grade 10,San Isidro Elementary School,San Jose,88.0,87.0,81.0,0.93
STU-300325,Brent Watson,2005-06-29,Grade 9,Poblacion National High School,Magsaysay,63.0,88.0,70.0,0.92
STU-300187,Sarah Larson,2008-04-10,Grade 6,Mabini Integrated School,Sta. Cruz,56.0,74.0,96.0,0.94
STU-300284,Gary Shepard,2005-09-12,Grade 10,San Isidro Elementary School,San Miguel,78.0,84.0,89.0,0.81
STU-300391,Stephen Lawson,2008-06-07,Grade 2,Poblacion National High School,Maligaya,62.0,77.0,72.0,0.87
STU-300974,Stanley Smith,2019-05-11,Grade 2,Mabini Integrated School,Poblacion,,,,
STU-300165,Don Russell,2019-11-06,Grade 3,Poblacion National High School,Bayanihan,66.0,91.0,69.0,0.94
STU-300347,Angel Harris,2010-09-20,Grade 6,Poblacion National High School,San Jose,76.0,77.0,89.0,0.86
STU-300298,Donna Edwards,2008-03-13,Grade 8,San Isidro Elementary School,Mabini,75.0,73.0,80.0,0.85
STU-300535,Elizabeth Norton,2020-11-03,Grade 5,Mabini Integrated School,San Isidro,632.0,648.0,624.0,7.36
STU-300229,Michael Jackson,2013-06-17,Grade 6,San Isidro Elementary School,Maligaya,88.0,84.0,80.0,0.91
STU-300859,William Buchanan,2014-04-14,Grade 10,Mabini Integrated School,San Jose,,,,
STU-300827,Brittany Austin,2014-12-06,Grade 10,Rizal Elementary School,Maligaya,79.0,76.0,85.0,0.88
STU-300694,Suzanne Kramer,2020-09-26,Grade 2,Rizal Elementary School,San Jose,56.0,77.0,81.0,0.92
STU-300855,Patricia Garcia,2014-09-23,Grade 10,Poblacion National High School,Bayanihan,82.0,69.0,78.0,0.93
STU-300041,Jennifer Hernandez,2019-06-05,Grade 4,Mabini Integrated School,Magsaysay,68.0,81.0,76.0,0.91
STU-300868,Patricia Graham,2009-01-15,Grade 5,San Isidro Elementary School,Bagong Silang,76.0,89.0,83.0,0.99
STU-300748,Charles Rodriguez,2006-05-27,Grade 5,Mabini Integrated School,Del Pilar,83.0,99.0,82.0,0.91
STU-300938,Kelli Davis,2016-05-24,Grade 4,Poblacion National High School,Magsaysay,,,,
STU-300862,Jeremiah Garcia,2019-04-04,Grade 6,Poblacion National High School,Poblacion,88.0,67.0,72.0,0.84
STU-300587,Theresa Stafford,2015-05-22,Grade 3,Mabini Integrated School,San Jose,70.0,91.0,61.0,0.89
STU-300543,Thomas Mills,2010-12-09,Grade 3,San Isidro Elementary School,San Isidro,87.0,82.0,60.0,0.92
STU-300446,Terry Shannon,2019-02-21,Grade 5,Rizal Elementary School,Maligaya,79.0,83.0,57.0,0.97
STU-300447,Michael Phillips,2013-01-10,Grade 8,Mabini Integrated School,San Jose,61.0,76.0,73.0,0.9
STU-300349,Russell Porter,2014-02-21,Grade 1,Mabini Integrated School,Bagong Silang,87.0,60.0,72.0,0.82
STU-300045,Melissa Rose,2011-06-29,Grade 4,Poblacion National High School,Mabini,77.0,52.0,91.0,0.96
STU-300980,Sarah Meyer,2021-05-15,Grade 7,Mabini Integrated School,San Miguel,89.0,70.0,74.0,0.91
STU-300108,Shawn Bruce,2019-06-22,Grade 6,Poblacion National High School,San Miguel,94.0,77.0,68.0,0.95
STU-300617,Corey Johnson,2014-07-12,Grade 7,Rizal Elementary School,Poblacion,80.0,95.0,81.0,0.93
STU-300661,Henry Flores,2012-03-16,Grade 7,Poblacion National High School,Poblacion,66.0,68.0,78.0,0.94
STU-300029,Maria Galvan,2008-10-23,Grade 4,Rizal Elementary School,Poblacion,90.0,70.0,82.0,1.0
STU-300181,Jacob Martinez MD,2017-08-03,Grade 5,Rizal Elementary School,Magsaysay,79.0,88.0,93.0,0.89
STU-300621,Jeffery Bray,2008-05-13,Grade 6,San Isidro Elementary School,Maligaya,,,,
STU-300419,Teresa Dalton,2012-02-05,Grade 8,Poblacion National High School,Maligaya,53.0,86.0,77.0,1.0
STU-300634,Joseph Juarez,2020-07-26,Grade 3,Mabini Integrated School,San Miguel,76.0,70.0,83.0,0.77
STU-300984,Brenda Phillips,2019-08-03,Grade 1,Rizal Elementary School,Poblacion,77.0,69.0,62.0,0.95
STU-300104,Karen Ramos,2015-03-13,Grade 5,Rizal Elementary School,Mabini,73.0,77.0,68.0,0.9
STU-300060,Michael Moreno,2012-07-05,Grade 5,San Isidro Elementary School,Bayanihan,91.0,82.0,72.0,0.96
STU-300658,Cameron Brown,2009-01-04,Grade 7,Rizal Elementary School,San Isidro,90.0,82.0,74.0,0.85
STU-300083,Jonathan Johns,2006-01-11,Grade 1,San Isidro Elementary School,Bayanihan,71.0,60.0,54.0,0.93
STU-300490,Jessica Rice,2005-09-17,Grade 5,Rizal Elementary School,Magsaysay,84.0,86.0,84.0,0.87
STU-300315,Michael Jacobs,2020-04-14,Grade 3,Mabini Integrated School,Rizal,80.0,86.0,71.0,0.94
STU-300450,Renee Wang,2012-03-14,Grade 2,San Isidro Elementary School,Maligaya,65.0,61.0,97.0,0.96
STU-300381,Kathryn Williams,2007-09-06,Grade 6,Poblacion National High School,San Miguel,68.0,72.0,75.0,0.94
STU-300422,Erika Ray,2017-12-23,Grade 1,Rizal Elementary School,Bagong Silang,70.0,96.0,87.0,0.99
STU-300496,Christopher Dickerson,2006-06-03,Grade 3,Mabini Integrated School,Del Pilar,100.0,61.0,78.0,0.99
STU-300965,Ashley Smith,2019-03-31,Grade 2,Rizal Elementary School,Sta. Cruz,97.0,91.0,82.0,0.87
STU-300739,Tina Smith,2017-07-05,Grade 8,Rizal Elementary School,Rizal,80.0,76.0,86.0,0.96
STU-300523,Nicolas Mitchell,2010-02-02,Grade 5,Rizal Elementary School,Mabini,88.0,82.0,80.0,0.95
STU-300445,Glenda Garcia,2014-12-05,Grade 9,Rizal Elementary School,Bagong Silang,84.0,93.0,69.0,0.96
STU-300663,Patrick Olson,2020-03-10,Grade 7,Poblacion National High School,Sta. Cruz,89.0,82.0,53.0,0.96
STU-300000,Cory Williams,2006-01-15,Grade 6,Mabini Integrated School,Sta. Cruz,82.0,82.0,93.0,0.93
STU-300779,Margaret Acevedo,2020-07-04,Grade 8,Mabini Integrated School,Poblacion,57.0,82.0,84.0,0.97
STU-300990,Robert Morris,2006-02-17,Grade 6,Rizal Elementary School,Del Pilar,58.0,87.0,86.0,0.86
STU-300626,Melissa Juarez,2018-11-13,Grade 4,Poblacion National High School,Del Pilar,,,,
STU-300457,Lindsey Lynch,2007-12-26,Grade 6,Mabini Integrated School,Sta. Cruz,72.0,85.0,88.0,0.95
STU-300488,Lauren Stephenson,2014-02-01,Grade 10,Rizal Elementary School,Bayanihan,67.0,83.0,86.0,0.96
STU-300088,Steven Lowe,2012-12-18,Grade 2,Poblacion National High School,Magsaysay,100.0,82.0,96.0,0.96
STU-300483,Daniel Bolton,2016-06-25,Grade 8,Rizal Elementary School,Bagong Silang,80.0,79.0,67.0,0.97
STU-300460,Tricia Jones,2005-07-07,Grade 8,Poblacion National High School,Bayanihan,100.0,78.0,64.0,1.0
STU-300077,Michelle Vasquez,2009-10-01,Grade 10,Poblacion National High School,Sta. Cruz,93.0,65.0,67.0,1.0
STU-300268,Russell Adams,2020-12-15,Grade 8,Rizal Elementary School,Bagong Silang,99.0,85.0,53.0,0.93
STU-300929,Todd Diaz,2021-04-11,Grade 7,San Isidro Elementary School,San Isidro,90.0,71.0,68.0,0.84
STU-300123,Elizabeth Ellis,2016-06-11,Grade 7,San Isidro Elementary School,San Miguel,88.0,74.0,67.0,0.98
STU-300297,Jonathan Johnson,2019-07-28,Grade 6,San Isidro Elementary School,Del Pilar,78.0,71.0,69.0,0.9
STU-300881,Mrs. Cathy Smith,2021-01-27,Grade 5,San Isidro Elementary School,Del Pilar,74.0,87.0,98.0,1.0
STU-300095,Mary Phillips,2008-02-23,Grade 2,Poblacion National High School,Maligaya,59.0,100.0,61.0,0.97
STU-300733,John Thompson,2011-04-08,Grade 6,Mabini Integrated School,Magsaysay,100.0,91.0,74.0,0.93
STU-300011,Dr. Patrick Terry,2008-02-16,Grade 2,Mabini Integrated School,Rizal,55.0,73.0,68.0,0.94
STU-300114,Emily Moody,2020-07-12,Grade 5,Poblacion National High School,Del Pilar,84.0,82.0,77.0,0.93
STU-300843,Cynthia Turner,2006-07-10,Grade 4,Mabini Integrated School,Bayanihan,65.0,100.0,79.0,0.85
STU-300428,Cody Leach,2019-06-15,Grade 10,San Isidro Elementary School,San Miguel,77.0,72.0,80.0,0.91
STU-300257,Alexandra Sanford,2019-06-19,Grade 6,Poblacion National High School,Bayanihan,89.0,80.0,90.0,1.0
STU-300731,Kayla Hodges,2011-06-08,Grade 2,San Isidro Elementary School,Mabini,66.0,93.0,83.0,0.89
STU-300949,Stephanie Miranda,2015-07-20,Grade 5,San Isidro Elementary School,Rizal,79.0,73.0,85.0,0.74
STU-300764,Mark Stark,2017-08-22,Grade 7,Mabini Integrated School,Poblacion,75.0,92.0,71.0,0.92
STU-300352,Andrew Freeman,2009-06-27,Grade 10,Poblacion National High School,San Jose,68.0,89.0,76.0,1.0
STU-300994,Lisa Faulkner,2010-12-18,Grade 8,Rizal Elementary School,Bayanihan,82.0,82.0,88.0,0.93
STU-300773,Dr. Amanda Sandoval,2016-10-26,Grade 6,San Isidro Elementary School,Rizal,100.0,93.0,91.0,0.88
STU-300955,Russell Wright,2008-09-14,Grade 7,San Isidro Elementary School,Maligaya,74.0,81.0,77.0,1.0
STU-300690,Bernard Johnson,2008-01-22,Grade 2,Poblacion National High School,Poblacion,99.0,84.0,92.0,0.91
STU-300922,Kevin Marquez,2007-10-08,Grade 7,Rizal Elementary School,Magsaysay,56.0,60.0,77.0,1.0
STU-300790,Dr. Julian Mcdonald,2008-08-23,Grade 8,San Isidro Elementary School,Magsaysay,81.0,79.0,64.0,1.0
STU-300531,Tabitha Ortiz,2012-10-24,Grade 3,Poblacion National High School,Mabini,71.0,79.0,84.0,0.84
STU-300867,Margaret Lester,2018-07-15,Grade 7,Mabini Integrated School,Bagong Silang,93.0,77.0,82.0,0.81
STU-300169,Jesse Harris,2006-01-19,Grade 2,Rizal Elementary School,Bagong Silang,84.0,91.0,67.0,1.0
STU-300239,Nicholas Lewis,2017-09-07,Grade 8,Rizal Elementary School,Rizal,97.0,81.0,89.0,0.97
STU-300277,Scott Washington,2020-08-10,Grade 2,Poblacion National High School,Mabini,,,,
STU-300160,Paul Gonzalez,2017-05-29,Grade 7,Mabini Integrated School,Sta. Cruz,87.0,69.0,86.0,0.87
STU-300073,Robert Malone,2005-08-30,Grade 10,Rizal Elementary School,Bayanihan,87.0,71.0,76.0,0.91
STU-300529,Courtney Flores,2005-08-02,Grade 8,Mabini Integrated School,San Jose,84.0,71.0,75.0,0.79
STU-300062,Yvonne Stone,2010-07-31,Grade 7,Mabini Integrated School,Bayanihan,67.0,84.0,89.0,0.9
STU-300761,William Jackson,2012-12-12,Grade 2,San Isidro Elementary School,Rizal,,,,
STU-300492,Sarah Duarte,2020-02-28,Grade 5,Rizal Elementary School,Poblacion,81.0,78.0,86.0,0.96
STU-300740,Raymond Daniel,2008-08-05,Grade 10,Rizal Elementary School,Maligaya,,,,
STU-300750,Corey Evans,2018-03-09,Grade 3,Mabini Integrated School,Sta. Cruz,63.0,66.0,57.0,0.93
STU-300741,Elizabeth Armstrong,2019-03-30,Grade 5,Rizal Elementary School,Maligaya,84.0,68.0,69.0,0.91
STU-300830,Steven Mcdowell,2011-09-21,Grade 8,Poblacion National High School,Bayanihan,100.0,87.0,99.0,0.96
STU-300795,James Thompson,2005-11-17,Grade 8,Rizal Elementary School,Magsaysay,68.0,98.0,66.0,0.94
STU-300047,Elizabeth Dixon,2019-03-02,Grade 3,Mabini Integrated School,Magsaysay,72.0,66.0,84.0,0.9
STU-300762,Dr. Vernon Khan MD,2017-07-11,Grade 9,Poblacion National High School,Maligaya,59.0,82.0,87.0,0.93
STU-300591,David Eaton,2019-09-02,Grade 5,Poblacion National High School,Bayanihan,84.0,70.0,74.0,0.89
STU-300807,Luke Steele,2017-07-30,Grade 3,Poblacion National High School,Poblacion,69.0,84.0,83.0,0.94
STU-300334,Sarah Mccormick,2005-09-09,Grade 2,Mabini Integrated School,San Isidro,63.0,84.0,79.0,0.87
STU-300505,Gina Phillips,2006-12-17,Grade 10,Rizal Elementary School,San Miguel,73.0,75.0,83.0,1.0
STU-300020,Daniel Edwards,2012-11-24,Grade 2,Rizal Elementary School,Mabini,82.0,71.0,70.0,0.9
STU-300968,Nicolas Gordon,2005-09-23,Grade 7,Mabini Integrated School,Poblacion,76.0,83.0,82.0,0.92
STU-300424,Dylan Hendricks,2018-08-04,Grade 9,Mabini Integrated School,San Miguel,100.0,91.0,86.0,0.9
STU-300652,Amber Sparks,2008-07-22,Grade 4,Poblacion National High School,Bagong Silang,81.0,78.0,70.0,1.0
STU-300192,Kevin Patterson,2010-10-11,Grade 4,Poblacion National High School,Rizal,84.0,92.0,72.0,0.91
STU-300642,Max Odonnell,2012-12-14,Grade 7,Rizal Elementary School,Poblacion,77.0,79.0,72.0,0.96
STU-300215,Alexis Johnson,2008-06-08,Grade 8,Mabini Integrated School,San Isidro,78.0,66.0,86.0,0.97
STU-300244,Pamela Cobb,2005-06-30,Grade 1,Poblacion National High School,Mabini,88.0,64.0,85.0,0.98
STU-300363,Jill Anthony,2018-06-15,Grade 8,Mabini Integrated School,San Jose,77.0,89.0,86.0,0.91
STU-300998,Christopher Smith,2009-11-12,Grade 3,Mabini Integrated School,San Isidro,65.0,78.0,74.0,0.91
STU-300059,Melissa Collins,2007-01-08,Grade 3,San Isidro Elementary School,San Miguel,,,,
STU-300221,Derrick Anderson,2015-01-02,Grade 8,Rizal Elementary School,San Jose,71.0,79.0,82.0,0.93
STU-300176,Evelyn Wright,2008-11-06,Grade 9,San Isidro Elementary School,Bagong Silang,79.0,66.0,80.0,0.95
STU-300449,Jenna Duncan,2018-06-17,Grade 5,San Isidro Elementary School,San Isidro,632.0,648.0,624.0,7.36
STU-300055,Eric Phillips,2012-02-23,Grade 10,Poblacion National High School,Del Pilar,67.0,70.0,81.0,0.88
STU-300803,Brandi Mccoy,2010-08-15,Grade 6,San Isidro Elementary School,Poblacion,77.0,82.0,61.0,0.95
STU-300254,Jeffrey Walsh,2005-07-26,Grade 1,Rizal Elementary School,Sta. Cruz,83.0,89.0,69.0,0.94
STU-300919,Matthew Santos,2013-05-26,Grade 5,San Isidro Elementary School,San Jose,67.0,68.0,72.0,0.88
STU-300385,Benjamin Coleman,2008-07-18,Grade 4,Poblacion National High School,Sta. Cruz,81.0,77.0,78.0,0.93
STU-300948,Samantha Ramirez,2018-12-14,Grade 10,Mabini Integrated School,San Jose,79.0,91.0,83.0,0.83
STU-300197,Lee Brown,2009-04-06,Grade 4,Poblacion National High School,Mabini,82.0,75.0,80.0,0.91
STU-300068,Michael Ramsey,2009-09-11,Grade 9,Rizal Elementary School,Poblacion,62.0,69.0,80.0,0.93
STU-300722,Heather Davis,2013-09-24,Grade 10,Mabini Integrated School,Maligaya,62.0,95.0,80.0,0.88
STU-300744,Benjamin Wilson,2008-11-08,Grade 5,Rizal Elementary School,Poblacion,68.0,87.0,52.0,1.0
STU-300713,Julia Lewis,2011-02-15,Grade 1,San Isidro Elementary School,Mabini,56.0,89.0,81.0,0.95
STU-300168,Laura Avila,2010-08-31,Grade 10,Rizal Elementary School,Mabini,80.0,88.0,85.0,0.84
STU-300185,James Hampton,2018-11-06,Grade 8,Rizal Elementary School,Magsaysay,85.0,64.0,77.0,0.96
STU-300035,Lauren Anderson,2005-09-25,Grade 8,Poblacion National High School,San Isidro,68.0,81.0,65.0,0.95
STU-300641,Julia Wilson,2021-05-02,Grade 3,Mabini Integrated School,San Isidro,96.0,76.0,84.0,0.85
